tweet,target
les gouvernorats siliana kasserine jendouba souffrent coupures  eau potable,1
perturbations coupures  approvisionnement eau potable les gouvernorats siliana kasserine jendouba,1
lapprovisionnement eau potable reprendra nuit mardi mercredi,1
perturbations coupures  approvisionnement eau potable quelques régions jendouba béja,1
perturbations  approvisionnement eau potable quelques régions jendouba béjà,1
reprise progressive,1
tunisie perturbations coupures  approvisionnement eau potable jendouba béja,1
tunisie tozeur sonede rassure qualité  eau potable,0
gouvernants lhabitude prendre leau minérale pdt les populations quête leau potable les habitants dun village kenyan servi leau sale autorités lors dune réunion cela doit servir leçon tous centrafrique,0
jendouba nord vol équipements sonede prive plusieurs régions leau potable,1
vol équipements sonede prive plusieurs régions  eau potable,1
reprise cette nuit  approvisionnement eau potable région radès,1
ariana pertrubation distribution deau potable plusieurs région demain partir 21h,1
pertrubation distribution  eau potable plusieurs région demain partir 21h,1
tunisie perturbation lapprovisionnement eau potable plusieurs zones raoued,1
perturbation coupure  approvisionnement eau potable enregistrées partir mardi 19 février 2019 21h délégation raoued tunis actualité,1
a partir demain mardi 19 février 2019,0
les travaux poursuivent assurer reprise  approvisionnement eau potable gafsa sonede,1
distribution leau potable perturbations coupure raoued soir,1
les travaux poursuivent assurer reprise  approvisionnement eau potable gafsa sonede,1
a partir demain mardi 19 février 2019,0
perturbation coupure  approvisionnement eau potable enregistrées partir mardi 19 février 2019 21h délégation raoued tunis actualité,1
tunisie perturbation lapprovisionnement eau potable plusieurs zones raoued,1
pertrubation distribution  eau potable plusieurs région demain partir 21h,1
ariana pertrubation distribution deau potable plusieurs région demain partir 21h,1
reprise cette nuit  approvisionnement eau potable région radès,1
vol équipements sonede prive plusieurs régions  eau potable,1
jendouba nord vol équipements sonede prive plusieurs régions leau potable,1
gouvernants lhabitude prendre leau minérale pdt les populations quête leau potable les habitants dun village kenyan servi leau sale autorités lors dune réunion cela doit servir leçon tous centrafrique,0
a fondouk jedid sitin arrêt pompe canal majerda desservant leau potable,1
 agit  projet  appui production  eau potable grandtunis capacité production 100 mille m3 jour 2ème projet porte outre station traitement eaux usées capacité production,0
grand tunis  plus soucis  eau potable,0
chef gouvernement youssef chahed inaugure deux importants projets ghedir el golla consacrés  eau potable,0
chef gouvernement inaugure deux importants projets ghedir el golla consacrés  eau potable tunivisions via tunivisions,0
rt odilon236 centrafrique manque deau potable les périphéries bangui devient problème plus épineux jamaisil faut,1
perturbation distribution  eau potable zone inférieure utique ville,1
utique perturbations coupures distribution deau potable rtci radio tunis chaîne internationale,1
rt odilon236 centrafrique manque deau potable les périphéries bangui devient problème plus épineux jamais faut,1
rt odilon236 centrafrique manque deau potable les périphéries bangui devient problème plus épineux jamais faut,1
rt odilon236 centrafrique manque deau potable les périphéries bangui devient problème plus épineux jamais faut,1
centrafrique manque deau potable les périphéries bangui devient problème plus épineux jamais faut trouver alternative sodeca parvient satisfaire besoin clients pitié mères denfants gouvcf rjdhrca,1
samir taieb plan national mis place sécuriser approvisionnement eau potable durant  2019,0
a fondouk jedid sitin arrêt pompe canal majerda desservant leau potable,1
consommation leau potable secteur touristique 611 litres jour lit occupé telle douche froide sachant remplir baignoire faudrait 200 litres  eau plus source détails,0
a fondouk jedid sitin arrêt pompe canal majerda desservant leau potable,1
 agit  projet  appui production  eau potable grandtunis capacité production 100 mille m3 jour 2ème projet porte outre station traitement eaux usées capacité production,0
grand tunis  plus soucis  eau potable,0
chef gouvernement youssef chahed inaugure deux importants projets ghedir el golla consacrés  eau potable,0
chef gouvernement inaugure deux importants projets ghedir el golla consacrés  eau potable tunivisions via tunivisions,0
rt odilon236 centrafrique manque deau potable les périphéries bangui devient problème plus épineux jamais faut,1
perturbation distribution  eau potable zone inférieure utique ville,1
utique perturbations coupures distribution deau potable rtci radio tunis chaîne internationale,1
rt watchwatertn moyenne consommation leau potable secteur touristique 611 litres jour lit personne un,0
moyenne consommation leau potable secteur touristique 611 litres jour lit personne chiffre donne froid dos sachant remplir baignoire faudrait 200,0
ikrmch  pire peuple imagine  milliardaire peux développer  accès  eau potable plein pays préfères payer babtou   enfonce poisson les fesses,0
montant total près 108 millions dollars américains a alloué routes extérieures raccordements  eau potable  électricité gaz plus  usine traitement eaux usées tunisie projet investissement,0
a  échelle national taux desserte eau potable constante augmentation depuis 20 ans aujourd  hui selon les chiffres,0
a  échelle nationale taux desserte eau potable constante augmentation depuis 20 ans aujourd  hui selon les chiffres,0
rt odilon236 cotedivoire traitement  eau potable bientôt usine 108 milliards fcfa abidjan abidja,0
cotedivoire traitement  eau potable bientôt usine 108 milliards fcfa abidjan abidjantimes centrafrique,0
près 300000 personnes travers tunisie vivent sans aucun accès leau potable elles obligées recueillir leau pluie les sources analyse chiffres dun accès inégal leau,1
rt tunumerique tunisie  sonede annonce méga coupure  eau potable grand tunis,1
sonede annonce coupures perturbations distribution  eau potable diverses régions tunis  ariana  prenez donc précautions dès soir,1
sonede annonce coupures perturbations distribution  eau potable diverses régions tunis  ariana tunivisions via tunivisions,1
tunisie  sonede annonce méga coupure  eau potable grand tunis,1
tunis ariana perturbations distribution  eau potable,1
perturbation distribution leau tunis lariana,1
reprise progressive distribution deau potable grand tunis tunisie,1
après 31 heures travail continu,0
société nationale dexploitation distribution eaux sonede annonce fin travaux réparation canal principal distribution  eau potable tunis  ariana,1
sonede annonce fin travaux réparation canal principal distribution  eau potable tunis  ariana tunivisions via tunivisions,
noahyannick pierrechrist bnpparibas fetelemur wearetennisfr bof ya tjrs deau potable a etoudi so what,0
eau potable nouveau disponible lorsque les réservoirs distribution nouveau remplis actualité tunis,1
tunisie perturbation lapprovisionnement eau potable les cités ettadhamen ettahrir,1
reprise assurée progressivement mercredi 20 mars 2019,1
sonede a annoncé lundi coupure distribution  eau potable prévue mardi 19 mars 2019 partir 08h matin ville djebel el oust zaghouan tunisie,1
coupure leau potable djebel el oust,1
passage vote projet loi n122019 portant approbation convention prêt entre fonds saoudien développement tunisie financement projet  amélioration desserte eau potable milieu rural gouvernorat bizerte tnarp,0
a lordre jour lexamen projet loi portant approbation convention prêt financement projet   amélioration desserte eau potable milieu rural gouvernorat bizerte,0
capvert prix mètre cube deau fixé 0122 usd 7069 xaf ceci initiative féliciter car permet tous les ménages procurer eau potable quoi cameroun leau aussi cher mètre cube coûte 364 xaf water4all afp,0
plus 800 millions  humains privés  eau potable les nations unies dressent tableau alarmant  accès  eau potable rapport 2019 2015 six humains dix disposaient toilettes équivalent,0
plus deux milliards personnes sans eau potable monde constat alarmant lonu via franceinter,0
cameroun environ 9 millions personnes  accès  eau potable lisez larticle complet cliquant lienjourneemondialedelea worldwaterday via jdcfr,0
svq 21 milliards personnes vivent sans accès  eau potable chez cette journéemondialedeleau joignezvous canada  soutenez deleaupourtous faisons sorte personne laissé compte odd6,0
aujourdhui journée internationale leau plus 2 milliards personnes nont accès leau potable surtout afrique leau cest 60 poids corps chacun a besoin 15 deaujour leau cest vie cest droit tous,0
manque deau potable tue 3 fois plus denfants violence les pays conflit via rtbfinfo,0
alerte pesticides leau potable ufcque choisir veut faire payer les agriculteurs dépollution,0
unknownbotasky jyms95 paulinepaccard france24fr sûr quil sagit bien deau potable,0
les travaux keur momar sarr réalisés 40,0
rt bsiliadel admiratif regarde now conseil municipal tripoli tient conférence presse rassurer,0
admiratif regarde now conseil municipal tripoli tient conférence presse rassurer les citoyens propos leurs besoins vitaux denrées alimentaires eau potable électricité santé pétrole etc bravo,0
ministère  agriculture ressources hydrauliques pêche a annoncé mobilisation  enveloppe complémentaire 600 mille dinars cadre  programme,0
rca leau potable devenue très inaccessible bangui,0
douar hicher vol équipements pompage  eau potable,0
rt odilon236 centrafrique gouvernement fait attention tant peu cri cœur peuple réclame leau potable co,0
centrafrique gouvernement fait attention tant peu cri cœur peuple réclame leau potable construction forages cours les périphéries capitale bangui faut aussi penser villes lintérieur pays leauclavie gouvcf,0
rt malllouka tunisie bloque routes augmente les prix viol enfants coupe internet ferme les stations se,0
tunisie bloque routes augmente les prix viol enfants coupe internet ferme les stations services coupe leau potable pendant jours vie merde tunisie jetepleure,0
egypte 1 milliard  investissements prévus  accès  eau potable  assainissement cours  exercice fiscal 20192020 ministre,0
togo nouvelle plateforme numerique contrôle  accès  eau potable zone rurale civ225 afrique sofie,0
afrique 320 millions personnes sans accès  eau potable,0
eau potable bénin gestion équitable réduire les inégalités bénin24 télévision,0
dotée dun jardin dune piscine extérieure dune vue mer residence amwej située chott meriem frontdemer,0
partenariat va permettre spécialiste hautdébit basé eau  intégrer suitelogicielle les télécommunications nexignsystems  sein solutions réseau bout bout révolutionnaires télécom it business digitalhealth,0
losouma wadeabou alydiabdiop attendant faut mettre gants tissu les mouiller frotter surface assiégée avant tenter denlever les résidus pareil aussi peux mettre jean lavabo rempli deau essayer les gants sunumbay,0
marathon londres bulles  eau distribuées limiter les bouteilles plastiques,0
afroopean pierrechrist jeanfrancis léglise catholique consacre chaque année travers différents démembrement milliards leau lassainissement léducation santé construction cette église mauvais procès quon fait a droit construire lieux culte aussi,0
rt astesn weve astes cmozone vente installation location bombonnes deau famille astes consulting heureuse re,0
cocaïne crevettes  eau douce campagne anglaise,0
cocaïne crevettes deau douce campagne anglaise,0
sacs plastique biodégradable toujours intacts après trois ans leau mer via rtbfinfo,0
nantes leau loire rouge malakoff sans risque selon métropole via presseocean,0
peau a plus plus besoin dhydratation peaux mature délicates sensibles fragiles voici bonheur leau rééquilibrante calmante adoucissante apaisante  disponible immédiatement,0
phytolax laxatif puissant stimulant procure soulagement rapide  10 heures accélère transit suite action directe spécifique motilité gros intestin augmentation quantité  eau dernier,0
récolte fleurs bigaradier nabeul lextraction communément appelé eau fleurs doranger sentez cette odeur envoûtante,0
les vénézuéliens vivent souvent sans eau ni électricité beaucoup faim  autres persécutés opinion maduro respecte démocratie jlmelenchon plastronne continue les galéjades choquantes,0
urhokage inspire expire bois leau,0
urhokage jai toujours beaucoup bu deau jai jamais dacné ni rien askip cest ça,0
urhokage boie beaucoup deau,0
sait peau a plus plus besoin dhydratation peaux mature délicates sensibles fragiles voici bonheur leau rééquilibrante calmante adoucissante apaisante  sérum antiâge,0
parti naturel destouriens évident connu reconnu ils nont qua adhérer honneur fierté mieux dapporter leau a moulin ingrat voué a léchec tunisie politique,0
nadhemtunisie prix produit eau dinars tn aussi voir quel point arnaqué cest vol pillage organisé oligarchs encouragés laisserfaire gouvernemental,0
rt acaweadvocate reportage mort 4 enfants recherche leau wolordé lextrême nord cameroun mesure con,0
les embrouilles prix bouteille deau commencent 700 millimes 750 millimes frigo onestenavril,0
rt picardpress sous  eau 16 degrés depuis demiheure demandes profite vie vingtaine mètres sous surfa,0
myriamboujbel a sondage balhdia juste coupé letat les habitants déjà réclamé accès beaucoup arrêtés accusés les autorités locales vouloir donner leau terroristes,0
rt 048935 candidat tunisien lalesco sest réveillé score 5 contre 15 candidat syndrome grenouille plongée d,0
sous  eau 16 degrés depuis demiheure demandes profite vie vingtaine mètres sous surface là tranquille belle murène double mètre vient faire coucou tunisie alhaouaria plongée,0
rt acaweadvocate reportage mort 4 enfants recherche leau wolordé lextrême nord cameroun mesure con,0
rt odilon236 arcadiuspoutou vraiment pourtant pénurie deau encore dactualité centrafrique,0
rt acaweadvocate reportage mort 4 enfants recherche leau wolordé lextrême nord cameroun mesure con,0
weve astes cmozone vente installation location bombonnes deau famille astes consulting heureuse recevoir les eaux jaillissent,0
rt acaweadvocate reportage mort 4 enfants recherche leau wolordé lextrême nord cameroun mesure con,0
eau parfum so fever,0
studio s2 pied leau meublé bien presenté climatisé,0
leau a si bon goût derniers temps menfile deux litres facile,0
rt acaweadvocate reportage mort 4 enfants recherche leau wolordé lextrême nord cameroun mesure con,0
rt kolihongui hnjomini 237online preférez habiller costume alors gens nont deau boire,0
bon bah dirait  a va tomber a  eau,0
candidat tunisien lalesco sest réveillé score 5 contre 15 candidat syndrome grenouille plongée leau dune marmite bouillonnait petit feu inconsciente leffet lébullition brûlait,0
rt acaweadvocate reportage mort 4 enfants recherche leau wolordé lextrême nord cameroun mesure con,0
rt acaweadvocate reportage mort 4 enfants recherche leau wolordé lextrême nord cameroun mesure con,0
arcadiuspoutou vraiment pourtant pénurie deau encore dactualité centrafrique,1
villas àvendre chott meriem près port el kantaoui villas haut standing triplex jumelés situés 300 plage jardins aires jeux les enfants piscines,0
duplexe vue mer casaimed propose offre rater duplex rêve compose dun rez chaussé contenant grand salon cuisine très bien équipée séchoir salle  eau 1 ére étage,0
rt acaweadvocate reportage mort 4 enfants recherche leau wolordé lextrême nord cameroun mesure con,0
rt acaweadvocate reportage mort 4 enfants recherche leau wolordé lextrême nord cameroun mesure con,0
hnjomini 237online preférez habiller costume alors gens nont deau boire,0
rt acaweadvocate reportage mort 4 enfants recherche leau wolordé lextrême nord cameroun mesure con,0
les sels  epsom  histoire balbutiante magnésium   toutes dernières années les chercheurs découvert là où population absorbe magnésium  intermédiaire  eau filtrant travers des,0
epsom  histoire balbutiante magnésium   toutes dernières années les chercheurs découvert là où population absorbe magnésium  intermédiaire  eau filtrant travers roches,0
reportage mort 4 enfants recherche leau wolordé lextrême nord cameroun mesure concrète terrain jusquà présent droitàh2o eaupourtous mutationsonline,0
 sorti bouteille  eau  mis lit contre mur toujours prêt  gameofthrones,0
parfum original homme femme eau parfum svp les sérieux sérieux merci tel 24070602,0
terrain clôturé 250 m a vendre a dar allouch pieds leau,0
comment les hauts dirigeants groupe canadien remplis les poches avant boîte prenne leaucest capitalisme daujourdhui hontela main chanceuse dirigeants bombardier jdm,0
agence casa imed korba propose superbe appartement maamoura quelques plage compose  salon 3 chambres coucher cuisine bien équipée 2 terrasses 2 salles  eau nb chauffage centrale climatiseur,0
cours 2018 moins 2111 millions litres  eau minérale vendus marché les différentes unités conditionnement évolution 307 rapport 2017,0
sait peau a plus plus besoin dhydratation peaux mature délicates sensibles fragiles voici bonheur leau rééquilibrante calmante adoucissante apaisante  sérum antiâge,0
rt lauraxsmgo si leau vénère veut tapper tout peut dire lorage,0
attendez les plages libreville comme caraïbes  eau si filtrée wow,0
casa imed chance  avoir étage villa cartier calme bons voisinages centreville korba compose dun salon trois chambres coucher cuisine salle  eau deux terrasses,0
mini food truck coco  eau valette très mignon coco coconut foodtruck foodtrucks foodstagram foodtruckfood foodtruckdrinks drink coconutwater malta malta,0
rt selim region monastir ftdes dénombre 63 unités délavage faut 55 litres  eau délaver jeans 70 cette,0
rt selim region monastir ftdes dénombre 63 unités délavage faut 55 litres  eau délaver jeans 70 cette,0
nizarus malheureusement meilleur gout veut dire meilleur qualité payé aussi cher leau si plus parfois impropre monde marche tête,0
rt selim region monastir ftdes dénombre 63 unités délavage faut 55 litres  eau délaver jeans 70 cette,0
rt selim region monastir ftdes dénombre 63 unités délavage faut 55 litres  eau délaver jeans 70 cette,0
rt selim region monastir ftdes dénombre 63 unités délavage faut 55 litres  eau délaver jeans 70 cette,0
rt selim region monastir ftdes dénombre 63 unités délavage faut 55 litres  eau délaver jeans 70 cette,0
s2 pied leau a louer a kelibia,0
eau parfum volare,0
rt selim region monastir ftdes dénombre 63 unités délavage faut 55 litres  eau délaver jeans 70 cette,0
plaidoyer création dune autorité nationale  eau lenvironnement leaders news tunisie actualités,0
rt fatales1 parfum jour eau lacoste femme lacoste,0
rt selim region monastir ftdes dénombre 63 unités délavage faut 55 litres  eau délaver jeans 70 cette,0
rt selim region monastir ftdes dénombre 63 unités délavage faut 55 litres  eau délaver jeans 70 cette,0
azizkone3 si laisse  eau vais mourir,0
rt selim region monastir ftdes dénombre 63 unités délavage faut 55 litres  eau délaver jeans 70 cette,0
rt selim region monastir ftdes dénombre 63 unités délavage faut 55 litres  eau délaver jeans 70 cette,0
rt selim ftdes a analysé  eau baie 12  oxygène quand norme 85,0
rt selim region monastir ftdes dénombre 63 unités délavage faut 55 litres  eau délaver jeans 70 cette,0
rt selim region monastir ftdes dénombre 63 unités délavage faut 55 litres  eau délaver jeans 70 cette,0
rt selim region monastir ftdes dénombre 63 unités délavage faut 55 litres  eau délaver jeans 70 cette,0
superbe lotissement viabilisé situé korba quartier calme entouré villas alimenté eau électricité onass gaz ville,0
rt selim region monastir ftdes dénombre 63 unités délavage faut 55 litres  eau délaver jeans 70 cette,0
rt selim region monastir ftdes dénombre 63 unités délavage faut 55 litres  eau délaver jeans 70 cette,0
rt selim ftdes a analysé  eau baie 12  oxygène quand norme 85,0
rt selim region monastir ftdes dénombre 63 unités délavage faut 55 litres  eau délaver jeans 70 cette,0
ftdes a analysé  eau baie 12  oxygène quand norme 85,0
rt selim region monastir ftdes dénombre 63 unités délavage faut 55 litres  eau délaver jeans 70 cette,0
region monastir ftdes dénombre 63 unités délavage faut 55 litres  eau délaver jeans 70 cette eau provient forages donc pompent directement nappes phréatiques reculent moyenne 5 mètres an,0
villa pieds leau,0
zskybuu disdidou merci zskybuu davoir nager a travers méditerrannée vers malte quand tas vu commençais noyer cet aérodinamysme capillaire rends beaucoup plus rapides leau,0
dr raoudha gafrej situation barrages nettement meilleure les problèmes  alimentation eau persisteraient,0
rt odilon236 qd apporte changement tête dun département cest pr améliorer davantage les conditions vie citoyens r,0
pouvoir manger pendant ftour faut tout simplement manger chorba boire leau sinon vas être calé vite fais,0
belle villa pied leau haute standing piscine jardin trouvent hammamet nord zone touristique a superficie terrain 450 m superficie couverte 300m gtvenez ici découvrir plus,0
demain étudiants  institut national beauxarts tétouan monteront recherches travaux menés  oasis tighmert pendant 5ème édition autour nomadisme  astronomie  architecture terre  eau tighmert guelmim maroc,0
villa vendre nabeul résidence gardée pied  eau  gtvenez ici découvrir plus,0
profitez offre terrain sise  elhaouria 300m 21000dt terrain 800m plage titre bleu  leau électricité disponible pour plus dinformations contacteznous 28 574 515,0
dr raoudha gafrej situation chronique pénurie  eau transforme crise environnementale entrave développement socioéconomique,0
rt opentunisia opendata peut passer logiciellibre  bien commun peut dire   eau robinet face,0
rt opentunisia opendata peut passer logiciellibre  bien commun peut dire   eau robinet face,0
opendata peut passer logiciellibre  bien commun peut dire   eau robinet face  eau bouteille choix libre autant question droit liberté  égalité fraternité,0
opendata peut passer logiciellibre  bien commun peut dire   eau robinet face  eau bouteille choix libre autant question droit liberté  égalité fraternité,0
opendata peut passer logiciellibre  bien commun peut dire   eau robinet face  eau bouteille choix libre autant question droit liberté  égalité fraternité,0
sait désormais durant saison hivernale peau a plus plus besoin dêtre hydratée peaux mature délicates sensibles amp fragiles voici bonheur  leau rééquilibrante calmante,0
peau a plus plus besoin dhydratation peaux mature délicates sensibles fragiles voici bonheur leau rééquilibrante calmante adoucissante apaisante  disponible immédiatement,0
belle maison s3pied leau louer,0
les traiter comme bétail bombarder les survivants les privés deau délectricité soins médicaments travail les sionistes ensuite malhonnêteté dire quils attaqués lorsquun palestinien tenté défendre,0
lemt6 jujulesanggg egonthepak myousss brolyxviii  eau  mieux,0
peau a plus plus besoin dhydratation peaux mature délicates sensibles fragiles voici bonheur leau rééquilibrante calmante adoucissante apaisante  disponible immédiatement,0
agence casa imed korba propose superbe appartement maamoura quelques plage compose  salon 3 chambres coucher cuisine bien équipée 2 terrasses 2 salles  eau nb chauffage centrale climatiseur,0
rt gagadelrih faut seulement 6l deau dun coup mourir 4bouteilles deau tout,0
peau a plus plus besoin dhydratation peaux mature délicates sensibles fragiles voici bonheur leau rééquilibrante calmante adoucissante apaisante  disponible immédiatement,0
mmslmn oumshamil sabougepaaas deux adorations différentes donc exemple tombe leau lenfant apprend marcher avant courir apprend compter jusquà 10 avant marcher apprend marcher avant dapprendre parler,0
epsom  histoire balbutiante magnésium   toutes dernières années les chercheurs découvert là où population absorbe magnésium  intermédiaire  eau filtrant travers roches,0
leau revenue,1
rt tounsinhoo crk met quelques goûtes  eau javel les yeux tour joué remercie,0
peau a plus plus besoin dhydratation peaux mature délicates sensibles fragiles voici bonheur leau rééquilibrante calmante adoucissante apaisante  disponible immédiatement,0
crk met quelques goûtes  eau javel les yeux tour joué remercie,0
rt gagadelrih faut seulement 6l deau dun coup mourir 4bouteilles deau tout,0
nizarhanini beinsportsfr ni feu ni eau léspérance champion dafrique 2019,0
rt sansurl marre mangoisser les trucs comme essence lait eau oeufs parceque franchement vis deja sans lait ni oeufs res,0
phytodigest sirop aide retenir  eau  intérieur  intestin augmente teneur selles eau niveau gros intestin plus forme gel facilite transit niveau  estomac  intestin grêle,0
quand bain essayez plonger oreilles gardant visage hors leau prouvez entendre coeur pomper sang flippant,0
epsom  histoire balbutiante magnésium   toutes dernières années les chercheurs découvert là où population absorbe magnésium  intermédiaire  eau filtrant travers roches,0
peau a plus plus besoin dhydratation peaux mature délicates sensibles fragiles voici bonheur leau rééquilibrante calmante adoucissante apaisante  disponible immédiatement,0
parce vérité dune personne blanc autre noir tout les deux raison euxmêmes parce femme aiment toutes  découvrez leau,0
sait peau a plus plus besoin dhydratation peaux mature délicates sensibles fragiles voici bonheur leau rééquilibrante calmante adoucissante apaisante  sérum antiâge,0
sait désormais durant saison hivernale peau a plus plus besoin dêtre hydratée peaux mature délicates sensibles amp fragiles voici bonheur  leau rééquilibrante calmante,0
marre mangoisser les trucs comme essence lait eau oeufs parceque franchement vis deja sans lait ni oeufs reste mhabituer boire leau sonede aller travailler vélo suède,0
rt flehetna dr raoudha gafrej situation chronique pénurie  eau transforme crise environnementale entrave dévelop,0
leau feu lordalie a toujours tenté curiosité depuis mésopotamie plus délicieuse cest celle pain fromage surtout sil sagit pain complet fromage chèvre filet dhuile dolive chez donnerai volontier lol,0
agence casa imed korba propose merveilleuse maison arabe korba compose dun salon chambre salle deau kitchenette terrasse,0
dr raoudha gafrej situation chronique pénurie  eau transforme crise environnementale entrave développement socioéconomique,1
tunisie nabeul ventesimmobilieres appartementmilapieddansleauhammametnord,0
peau a plus plus besoin dhydratation peaux mature délicates sensibles fragiles voici bonheur leau rééquilibrante calmante adoucissante apaisante  disponible immédiatement,0
volume investissements bad tunisie a atteint 14 milliard dollars près 42 milliards dinars divers domaines tels  énergie transport les télécommunications  eau technologie,0
phytodigest gélules aide retenir  eau  intérieur  intestin augmente teneur selles eau niveau gros intestin plus forme gel facilite transit niveau  estomac  intestin grêle,0
myiifeisrosy wtf mettre vodka 1bouteille deau,0
alimentée déchets végétaux conteneur capable transformer lhumidité lair eau potable fabrique 2000 litres deau jour remarquable,0
waterlesstripoli tripoli sans eau potable lna coupe ezu tripoli,1
aspirant lair chaud conteneur produit 2000 litres deau potable jour vidéo,0
ridha chalghoum promet mobilisation financements faveur projets deau potable bloqués sfax,0
coupure leau potable les gouvernorats manouba béja via espacemanager,1
rapporter leau potable famille femmes indiennes risquent vie chaque jour descendant rappel puits 18 mètres profondeur inde 75 foyers nont accès leau potable india humanright to water,0
tunisie perturbations coupures leau potable cités ettadhamen douar hicher reprise prévue soir selon sonede,1
jendouba 70 projets  approvisionnement zones rurales eau potable entamés 2019,0
hamdullah peut sen réjouir,0
puis jour ramadan 14h 27  a  ombre  a sonede programme a mourouj coupure  eau potable laissant comme toujours seul face destin sans préavis ni rien tout tunisie,1
yochofficial si vs pouvez répondre projet dessalement mahdia basé 100d énergie renouvelable produire eau potable population 500000 habitants ds liste attente gouvernement depuis 2016plutôt ds liste blocage,0
perturbations coupures distribution  eau potable menzel bouzayane,1
tunisie perturbations distribution deau potable menzel bouzayane,1
rt alisnoussi1 yochofficial si vs pouvez répondre projet dessalement mahdia basé 100d énergie renouvelable p,0
afrique subsaharienne seulement 24 population a accès source sûre  eau potable les installations sanitaires base non partagées  autres foyers réservées 28 population  accès  eau lassainissement droit humain,0
rt acaweadvocate  accès  eau potable  assainissement reconnu comme droit  homme depuis 2010 près 35 milli,0
rt acaweadvocate  accès  eau potable  assainissement reconnu comme droit  homme depuis 2010 près 35 milli,0
rt acaweadvocate  accès  eau potable  assainissement reconnu comme droit  homme depuis 2010 près 35 milli,0
rt acaweadvocate  accès  eau potable  assainissement reconnu comme droit  homme depuis 2010 près 35 milli,0
 accès  eau potable  assainissement reconnu comme droit  homme depuis 2010 près 35 milliards  êtres humains  encore aujourd  hui  autre choix boire eau dangereuse santé 24 milliards disposent tjrs toilettes,0
reprise  approvisionnement eau potable sud tunisien,1
sonede ben arous zaghouan sans eau potable,1
tunisie perturbations coupures deau potable zones tunis,1
fourniture  eau potable affermage  etat béninois sonde investisseurs régionaux bénin nouvelle tribune lntribune,0
gafsa citoyens réclament  accès  eau potable photos,1
rétablissement  approvisionnement eau potable régions,1
tabarka perturbations  approvisionnement eau potable,1
kairouan pleine canicule habitants sans électricité ni eau potable via webdotn tunisie,1
eltunisianooo daronne taf a zarkoun parle daron aidémaçon priestu les gosses gafsa   eau potable chauffe les gens zahh weld el kahba,0
rt tunumerique tunisie  gafsa sabotage conduite  eau potable destinée moulares,1
tunisie  gafsa sabotage conduite  eau potable destinée moulares,1
finalement jour faste les abechois forum tchadmonde arabe commissionne projet daccession leau potable pénurie prendra fin inchallah,0
coupure deau potable attendue délégation soukra,1
tunisie perturbations coupures deau potable délégation soukra,1
les vrais accros surtout village quand rallies lr assemblée pr avoir verre ils vont demander dire phrase valeuravec sagesse afin juger digne lavoir ils partagent ceux prennent comme leausacré coutume jadore çà,0
badciss fourmimagnan poisson vit leau,0
mosquée village a nouvelle mosquée village a couté plus deux milliards a celui construite village manque deau école sécroule a tellement dordures,0
soukra perturbation coupure distribution  eau,1
helptwitter faire sauver petit chaton apparemment abandonné mère moment naissance trouvé sous soleil je peux donner lait  eau,0
fatina2019 ici deau citerne coute 800 autre les animaux 1600 tous les 3 jours vais demenager alger ca fera economies,0
ecomag décodeléco naoufel khelifi directeur circulation stationnement municipalité tunis lécointernationale inde pénurie deau france antisionisme anisémitisme débat contiue,1
coupure deau courante attendue soukra,1
ecomag belko    décodeléco naoufel khelifi directeur circulation stationnement municipalité tunis lécointernationale inde pénurie deau france antisionisme anisémitisme débat contiue léchodesmédias,1
référence 508 duplex meublé location longuedurée compose rdc dune suite indépendante composée dune chambre climatisée dressing salle deau séjour coin,0
iphoneaddictfr les airpods résistent plutôt bien  eau alors  ils  certificationhhhh apple,0
malgré toute leau douce ciel verse mer reste salé alors épuisez certains changent peu importe demandez,0
orkyyde non clair comme leau roche pendant majorité algériens battent patrie afin libérer régime pourri tentacules majorité kabyles battent dechra,0
hergla coupure deau hergla,1
nhulot planète doit avoir commandant bord qualité air eau température pression bonne conduite passages parceque ya aucune station service ravitailler stages relève,0
rt fatymdiallo  hypotension orthostatique cause plus fréquente chez les jeunes  déshydratation faut boire beaucoup,0
azy  temps ventilateur bouteille  eau fraiche,0
rt mayahach sfax a sidi mansour leau mer tourne rouge via webdotn,0
rt fatymdiallo  hypotension orthostatique cause plus fréquente chez les jeunes  déshydratation faut boire beaucoup,0
rt mayahach sfax a sidi mansour leau mer tourne rouge via webdotn,0
rt fatymdiallo  hypotension orthostatique cause plus fréquente chez les jeunes  déshydratation faut boire beaucoup,0
rt fatymdiallo  hypotension orthostatique cause plus fréquente chez les jeunes  déshydratation faut boire beaucoup,0
rt fatymdiallo  hypotension orthostatique cause plus fréquente chez les jeunes  déshydratation faut boire beaucoup,0
rt fatymdiallo  hypotension orthostatique cause plus fréquente chez les jeunes  déshydratation faut boire beaucoup,0
rt fatymdiallo  hypotension orthostatique cause plus fréquente chez les jeunes  déshydratation faut boire beaucoup,0
sfax a sidi mansour leau mer tourne rouge via webdotn,0
rt fatymdiallo  hypotension orthostatique cause plus fréquente chez les jeunes  déshydratation faut boire beaucoup,0
crois met plus pied leau,0
rt fatymdiallo  hypotension orthostatique cause plus fréquente chez les jeunes  déshydratation faut boire beaucoup,0
rt fatymdiallo  hypotension orthostatique cause plus fréquente chez les jeunes  déshydratation faut boire beaucoup,0
rt fatymdiallo  hypotension orthostatique cause plus fréquente chez les jeunes  déshydratation faut boire beaucoup,0
leau mer ça fait trop belles boucles,0
rt fatymdiallo  hypotension orthostatique cause plus fréquente chez les jeunes  déshydratation faut boire beaucoup,0
rt fatymdiallo  hypotension orthostatique cause plus fréquente chez les jeunes  déshydratation faut boire beaucoup,0
rt fatymdiallo  hypotension orthostatique cause plus fréquente chez les jeunes  déshydratation faut boire beaucoup,0
rt fatymdiallo  hypotension orthostatique cause plus fréquente chez les jeunes  déshydratation faut boire beaucoup,0
rt fatymdiallo  hypotension orthostatique cause plus fréquente chez les jeunes  déshydratation faut boire beaucoup,0
rt fatymdiallo  hypotension orthostatique cause plus fréquente chez les jeunes  déshydratation faut boire beaucoup,0
jespère vas bien mange bien bois beaucoup deau heiii mentends vher ten fait kai là dieu protège tokyungsoowithlove  nothing to do but wait for kyungsoo,0
houdamaitre vie comme rivière jour boue souvent eau claire,0
rt fatymdiallo  hypotension orthostatique cause plus fréquente chez les jeunes  déshydratation faut boire beaucoup,0
rt fatymdiallo  hypotension orthostatique cause plus fréquente chez les jeunes  déshydratation faut boire beaucoup,0
rt fatymdiallo  hypotension orthostatique cause plus fréquente chez les jeunes  déshydratation faut boire beaucoup,0
rt fatymdiallo  hypotension orthostatique cause plus fréquente chez les jeunes  déshydratation faut boire beaucoup,0
rt fatymdiallo  hypotension orthostatique cause plus fréquente chez les jeunes  déshydratation faut boire beaucoup,0
sfax a sidi mansour leau mer tourne rouge,0
rt fatymdiallo  hypotension orthostatique cause plus fréquente chez les jeunes  déshydratation faut boire beaucoup,0
rt fatymdiallo  hypotension orthostatique cause plus fréquente chez les jeunes  déshydratation faut boire beaucoup,0
rt fatymdiallo  hypotension orthostatique cause plus fréquente chez les jeunes  déshydratation faut boire beaucoup,0
rt fatymdiallo  hypotension orthostatique cause plus fréquente chez les jeunes  déshydratation faut boire beaucoup,0
rt fatymdiallo  hypotension orthostatique cause plus fréquente chez les jeunes  déshydratation faut boire beaucoup,0
sfax a sidi mansour leau mer tourne rouge via webdotn,0
rt fatymdiallo  hypotension orthostatique cause plus fréquente chez les jeunes  déshydratation faut boire beaucoup,0
rt fatymdiallo  hypotension orthostatique cause plus fréquente chez les jeunes  déshydratation faut boire beaucoup,0
brisigsauer anasnoaman78 leau grise bordel préfère crever chaud,0
rt fatymdiallo  hypotension orthostatique cause plus fréquente chez les jeunes  déshydratation faut boire beaucoup,0
rt fatymdiallo  hypotension orthostatique cause plus fréquente chez les jeunes  déshydratation faut boire beaucoup,0
plage sidi mansour changement couleur  eau expliqué,0
plage sidi mansour changement couleur  eau expliqué,0
rt fatymdiallo  hypotension orthostatique cause plus fréquente chez les jeunes  déshydratation faut boire beaucoup,0
rt fatymdiallo  hypotension orthostatique cause plus fréquente chez les jeunes  déshydratation faut boire beaucoup,0
rt fatymdiallo  hypotension orthostatique cause plus fréquente chez les jeunes  déshydratation faut boire beaucoup,0
anasnoaman78 jamais mettrai les pieds bordel comme ça ça doit pisser leau sans soucier autres,0
ahlammostghanmi el menia ex el goléa situe 280 kms sud ghardaia sr route transaharienneregorge do douce fo goûter fruits eau minérale nat el goléarégion touristik tr prisée pr constantine vais chak x pr visiter aussi tam où timimoun,0
rt fatymdiallo  hypotension orthostatique cause plus fréquente chez les jeunes  déshydratation faut boire beaucoup,0
rt fatymdiallo  hypotension orthostatique cause plus fréquente chez les jeunes  déshydratation faut boire beaucoup,0
tounesu laltération couleur leau probablement prolifération dalgue selle causée pollution organique et chaleur fait quempirer les choses surtout basse profondeurun enlèvement algues envahissantes urgent puisquelle empêchent 1,0
rt fatymdiallo  hypotension orthostatique cause plus fréquente chez les jeunes  déshydratation faut boire beaucoup,0
rt fatymdiallo  hypotension orthostatique cause plus fréquente chez les jeunes  déshydratation faut boire beaucoup,0
rt fatymdiallo  hypotension orthostatique cause plus fréquente chez les jeunes  déshydratation faut boire beaucoup,0
cdd agent usine eau potable assainissement hf chateadun 28 veolia châteaudun 28 emploichateaudun emploi chateaudun,0
tunisie  bouhajla reprise distribution  eau potable partir demain,1
tunisie  kebili camions citernes ravitailler les habitants eau potable,0
gabès perturbation coupure  eau potable régions,1
comment les conduites  eau jelma sauvagement sabotées réparées sous 24 heures vidéo photos tunisie sfax eau leaderstunisie,1
gafsa coupure  approvisionnement eau potable,1
rt leaderstunisie comment les conduites  eau jelma sauvagement sabotées réparées sous 24 heures vidéo photos,1
rt leaderstunisie comment les conduites  eau jelma sauvagement sabotées réparées sous 24 heures vidéo photos,1
comment les conduites  eau jelma sauvagement sabotées réparées sous 24 heures vidéo photos leaderstunisie,1
rt webdotn sans eau potable les habitants jelma protestent bloquent route via webdotn tunisie,1
sans eau potable les habitants jelma protestent bloquent route via webdotn tunisie,1
cdd agent usine eau potable assainissement hf chateadun 28 veolia châteaudun 28 emploichateaudun emploi chateaudun,0
fxtouz ysmnmsd bz mère tweet  attention whore attrape mec  eau lcerveau ça svoit,0
hajerbj nadhemtunisie festivalmanarat laisser les déchets les plages pire choses faire cest proximité leau moindre brise moindre coup vent tout finira mer,0
sous seuil porte extérieure domicile familial rbat sfax doit nicher immense nappe phréatique cause liée nombre très élevé seaux plein deau versait mère allah,0
cosy water detox besoin fraîcheur légèreté misez cosy water detox a base deau minérale galcé fruits saison découpé quartiers éliminant les toxines hydratant corps et,0
hajerbj nadhemtunisie bravo hajer jai assisté a qqes projections film a manarat marsa les gens jeunes moins jeunes laissaient bouteilles deau boissons les fameux chips derrière trouvait lobligation ramasser leurs merdes,0
doumlee jackite1denie bouramadeni walesag doum faut mettre leau bachi,0
hajerbj medzepplin plage nabeul incroyable nombre sacs plastique leau vu les inondations septembre comble çà gêne personne part quelques jeunes mis ramasser les ordures sous regard étonné moins jeunes,0
tunisie  bouhajla reprise distribution  eau potable partir demain,1
rt webdotn kram fathi layouni inspecte leau mer via webdotn tunisie,0
kram fathi layouni inspecte leau mer via webdotn tunisie,0
bu peu trop  eau mer,0
a  eau cerveau  évidence pendant temps tous les pays maghreb vont sortir can,0
gestion eaux usées reste problème crucial village historique étages chenini tataouine  introduction  eau courante profit citoyens les grottes chenini les services,0
cartes hors ligne points  eau budget neuf applis voyager malin,0
cocacola désastre plastique pillage  eau iboycottcocacola via iboycottorg,0
tamazghaunited aissinath medikorii con parles saleté gueule a propos langue saint coran plus minable quun vagin dune pute kabyle forcé bite française résultat fils pute comme penses a laver bouche leau javel avant parler larabe,0
tunisie  kebili camions citernes ravitailler les habitants eau potable,0
tunisie  raison changement couleur  eau mer carthage,0
jure wsh  droit rien manger entre les repas boisson  eau brf préparez septembre vais avoir corps ouf,0
régions sans eau ni électricité sous canicule,0
régions sans eau ni électricité sous canicule,0
tunisie 60 canaux deau usés via webdotn,0
rt moezbhar raniaeq ramassistance rammaroc ils salissent limage tout paysun royaume ils balancent leau comme vi,0
raniaeq ramassistance rammaroc ils salissent limage tout paysun royaume ils balancent leau comme vieilles chaussettes travail fatidique milliers marocains poussent maroc vers haut non ils dégradent tout ça taurais vu limpunité ceux call center vomir,0
rt tymethy free legmi distribué gratuitement domicile instantanément sonede après coupure deau matin sousse ht,1
rt tymethy free legmi distribué gratuitement domicile instantanément sonede après coupure deau matin sousse ht,1
comment savoir si electrovanne eau bonne via youtube,0
tunisie sonede annonce coupure deau zaghouan,1
rt tymethy free legmi distribué gratuitement domicile instantanément sonede après coupure deau matin sousse ht,1
free legmi distribué gratuitement domicile instantanément sonede après coupure deau matin sousse,1
svsensual ptdrrrr  pris pshit pshit remplis  eau jlui mit dessus quand jlai vu sortir zigounette ça chez omg,0
sonede coupure deau zaghouan,1
filtre eau pluie gratuit via youtube,0
26 100 autonome eau grâce pluie 13 via youtube,0
base benin ils font can juste gratter leau lhôtel les vacances égypte,0
rt bmleila hajerbj mayahach commune carthage déconseille baignade attendant résultats analyse eau rien a signaler côté marsa,0
jai déverrouillé succès puissance leau paradise island 2 paradiseisland2 gameinsight,0
rt bmleila hajerbj mayahach commune carthage déconseille baignade attendant résultats analyse eau rien a signaler côté marsa,0
gabès perturbation coupure  eau potable régions,1
hajerbj mayahach commune carthage déconseille baignade attendant résultats analyse eau rien a signaler côté marsa moment,0
lalique by lalique for women eau parfum 100 ml edp ovp  profumi profumo,0
raob  engage 9eme forum mondial  eau les membres réseau africain organismes bassin décidé prendre part active prochain forum mondial  eau dakar 2021 côtes  omvs nommé partenaire stratégique thème coopération,0
rt azzdean aures oran 1000 bornes bravo a toutes les personnes depose les parcours millions litre deau zlabiya,0
perturbation coupure leau zones gabès via espacemanager,1
mettez grenouille récipient rempli deau commencez chauffer leau lorsque température leau commence monter grenouille ajuste température corporelle conséquence grenouille,0
biladi ouhibouki joie fête chaque parcelle terre chaque atome air chaque rose jardins chaque graine sable déserts chaque chaque goutte deau rivières,0
aures oran 1000 bornes bravo a toutes les personnes depose les parcours millions litre deau zlabiya makrout ect a tous papy mamy jettent leau les marcheurs haut leurs fenetres balcons,0
mimouna eau fleur doranger home made jen met tête les épaules torse ça appaise ça sent bon,0
comment les conduites  eau jelma sauvagement sabotées réparées sous 24 heures vidéo photos tunisie sfax eau leaderstunisie,1
cnews les traînées blanches causées vapeur  eau dégagée les réacteurs lors combustion kérosène autrement appelé  condensation  incroyable  estce quand  article  les fumées blanches centrales nucléaires quelle ignorance,0
normal humain,0
gafsa coupure  approvisionnement eau courante,1
video face sécheresse inde femmes obligées risquer vie puiser  eau via franceinfo,0
comment les conduites  eau jelma sauvagement sabotées répa via youtube,1
gafsa coupure  approvisionnement eau courante,1
gafsa coupure  approvisionnement eau potable,1
rt leaderstunisie comment les conduites  eau jelma sauvagement sabotées réparées sous 24 heures vidéo photos,1
rt leaderstunisie comment les conduites  eau jelma sauvagement sabotées réparées sous 24 heures vidéo photos,1
comment les conduites  eau jelma sauvagement sabotées réparées sous 24 heures vidéo photos leaderstunisie,1
capitale tunisienne abrite 7e assemblée générale réseau africain organismes bassin raob démarre mardi poursuivre jusquau 5 juillet sous signe réalisation vision africaine leau lhorizon 2025 amcowafrica oieau,0
quand linconscience mêle bêtise humaine,0
sidi bouzid plus 10 délégations sans eau après vandalisation conduites via webdotn tunisie,1
rt amina sœur compte les marques deau minérales tunisie jannet safia marwa ain oktor garci sabrine fourat,0
amina faut faire différence entre eau minérale naturelle eau source naturelle autres eau table eau plate,0
justryzeh processeur goutte deau,0
jy vais 6h leau froide a moins gens personne pisser côté cest propre commence bien journée,0
canicule si chacun met assiette balcon leau cela peut sauver milliers danimaux,0
eau paradisiaque beachgirl beachlife,0
pire  a a osé dire ah dégueu essuyés  eau culot,0
rt amina sœur compte les marques deau minérales tunisie jannet safia marwa ain oktor garci sabrine fourat,0
homersimpsm visite tunisie demande leau propose safia sabrine marwa dit nsawin mba3d tawa nebghi may,0
amina leau robinet brita,0
rt amina sœur compte les marques deau minérales tunisie jannet safia marwa ain oktor garci sabrine fourat,0
coupure lapprovisionnement eau ben guerdane,1
rt amina sœur compte les marques deau minérales tunisie jannet safia marwa ain oktor garci sabrine fourat,0
rt amina sœur compte les marques deau minérales tunisie jannet safia marwa ain oktor garci sabrine fourat,0
sœur compte les marques deau minérales tunisie jannet safia marwa ain oktor garci sabrine fourat hayet aqualine cristalline bargou élixir mira pristine royale tijene dima cristal jektiss melliti mélina si connaissez dites,0
jen leau bouche,0
comme si lune reflétait leau fantastiques cristaux gris facettes ressortent étincelles magiques leurs surfaces aqueuses,0
rt webdotn sans eau potable les habitants jelma protestent bloquent route via webdotn tunisie,1
sortie acheter leau voilà rentré sans leau les clintonneries ,0
sans eau potable les habitants jelma protestent bloquent route via webdotn tunisie,1
nabilinsky fatylife lait pur coupe leau jaune doeuf peu crème,0
les eau nient possession armes trouvées libye,0
