Timestamp,TwDate,TwLoc,TwUserName,TwUserID,TwID,TwContent,ContentLoc,urls,
2019-02-10 22:00:00, 2019-02-05 10:30:57,Tunisie,TUNISCOPEcom,46120356,000,"Les gouvernorats de Siliana, Kasserine et Jendouba souffrent de coupures de l‚Äôeau potable https://t.co/j0bbbzzVcp","Silana,Kasserine,Jendouba",['https://t.co/j0bbbzzVcp']
2019-02-10 22:00:00, 2019-02-05 11:27:35,Tunisie,RadioShemsFm,195014153,000,"Perturbations et coupures de l‚Äôapprovisionnement en eau potable dans les gouvernorats de Siliana, Kasserine et Jendouba https://t.co/3Sk2V370g0","Silana,Kasserine,Jendouba",['https://t.co/3Sk2V370g0']
2019-02-10 22:00:00, 2019-02-05 11:50:09,Tunisie,Nessmatv,42236944,000,"L'approvisionnement en eau potable reprendra, dans la nuit du mardi au mercredi... https://t.co/hAFm4dmiCB",,['https://t.co/hAFm4dmiCB']
2019-02-10 22:00:00, 2019-02-08 11:15:09,Tunisie,TUNISCOPEcom,46120356,000,Perturbations et coupures dans l‚Äôapprovisionnement en eau potable dans quelques r√©gions √† Jendouba et B√©ja https://t.co/qnFhE9rRU0,"Jendouba,B√©ja",['https://t.co/qnFhE9rRU0']
2019-02-10 22:00:00, 2019-02-08 11:19:56,Tunisie,RadioShemsFm,195014153,000,Perturbations dans l‚Äôapprovisionnement en eau potable dans quelques r√©gions √† Jendouba et B√©j√† https://t.co/Hppav3y7sv,"Jendouba,B√©ja",['https://t.co/Hppav3y7sv']
2019-02-10 22:00:00, 2019-02-08 11:50:26,Tunisie,Nessmatv,42236944,000,La reprise sera progressive... https://t.co/6hRuGbJuy7",,['https://t.co/6hRuGbJuy7']
2019-02-10 22:00:00, 2019-02-08 12:52:35,Tunis,SaberMaala,2819496711,000,"#Tunisie : Perturbations et coupures dans l‚Äôapprovisionnement en eau potable √† Jendouba et √† B√©ja https://t.co/34u2zoGUZ0","Jendouba,B√©ja",['https://t.co/34u2zoGUZ0']
2019-02-15 08:00:00, 2019-02-12 21:05:57,Tunisie,TUNumerique,226171563,000,Tunisie - Tozeur : La SONEDE rassure sur la qualit√© de l‚Äôeau potable https://t.co/8kKk0aEvCI,Tozeur,['https://t.co/8kKk0aEvCI']
2019-02-15 08:00:00, 2019-02-14 09:15:09,Africa,odilon236,972065918,000,"Nos gouvernants ont l'habitude de prendre de l'eau min√©rale pdt que les populations sont en qu√™te de l'eau potable. Les habitants d'un village Kenyan ont servi de l'eau sale aux autorit√©s lors d'une r√©union. Cela doit servir de le√ßon √† tous. #Centrafrique https://t.co/weB3WnXdWO https://t.co/agUbx3Upsw",,['https://t.co/weB3WnXdWO', 'https://t.co/agUbx3Upsw']
2019-02-15 08:00:00, 2019-02-14 12:57:33,Tunisie,RadioShemsFm,195014153,000,Jendouba nord : le vol des √©quipements de la SONEDE prive plusieurs r√©gions de l'eau potable https://t.co/CiiImo2QRI,Jendouba,['https://t.co/CiiImo2QRI']
2019-02-15 08:00:00, 2019-02-14 13:01:35,Tunisie,visions_tn,135121071,000,le vol des √©quipements de la SONEDE prive plusieurs r√©gions de l‚Äôeau potable https://t.co/K4PykDFykw https://t.co/dqXYeFItXt,,['https://t.co/K4PykDFykw','https://t.co/dqXYeFItXt']
2019-02-15 08:00:00, 2019-02-14 15:54:11,Tunisie,RadioShemsFm,195014153,000,Reprise cette nuit de l‚Äôapprovisionnement en eau potable dans la r√©gion de Rad√®s https://t.co/nAbyJ0Mqdz,Rad√®s,['https://t.co/nAbyJ0Mqdz']
2019-02-15 08:00:00, 2019-02-14 16:00:12,Tunisie,Nessmatv,42236944,000,Selon un communiqu√© de la SONEDE... https://t.co/cgb39AfWeF,,['https://t.co/cgb39AfWeF']
2019-02-20 21:30:00, 2019-02-16 18:30:09,Tunisie,Nessmatv,42236944,000,Malgr√© le retard dans la r√©alisation... https://t.co/DJczsEnscn,,['https://t.co/DJczsEnscn']
2019-02-20 21:30:00, 2019-02-18 11:42:17,Tunisie,RadioShemsFm,195014153,000,Ariana : pertrubation de la distribution d'eau potable dans plusieurs r√©gion demain √† partir de 21h https://t.co/Pq0ZUtk7l1,Ariana,['https://t.co/Pq0ZUtk7l1']
2019-02-20 21:30:00, 2019-02-18 11:58:16,Tunisie,visions_tn,135121071,000,pertrubation de la distribution d‚Äôeau potable dans plusieurs r√©gion demain √† partir de¬†21h https://t.co/dzVjN9MQR4 https://t.co/3uDgWNfKPk,,['https://t.co/dzVjN9MQR4', 'https://t.co/3uDgWNfKPk']
2019-02-20 21:30:00, 2019-02-18 12:15:23,Tunisie,TUNumerique,226171563,000,Tunisie: Perturbation de l'approvisionnement en eau potable dans plusieurs zones de Raoued https://t.co/mW0QM8suaz,Raoued,['https://t.co/mW0QM8suaz']
2019-02-20 21:30:00, 2019-02-18 13:14:07,Tunis,mondherboussaa1,2982264873,000,"Une perturbation et une coupure dans l‚Äôapprovisionnement en eau potable, seront enregistr√©es √† partir du mardi 19 f√©vrier 2019, √† 21H, dans la d√©l√©gation de #Raoued. #Tunis #Actualit√© https://t.co/gPZjeEFBwS https://t.co/KGuRRRc1l2",,['https://t.co/gPZjeEFBwS','https://t.co/KGuRRRc1l2']
2019-02-20 21:30:00, 2019-02-18 17:10:08,Tunisie,Nessmatv,42236944,000,"A partir de demain, mardi 19 f√©vrier 2019... https://t.co/XJC4x3GCFK",,['https://t.co/XJC4x3GCFK']
2019-02-20 21:30:00, 2019-02-19 08:27:36,Tunisie,WATCHWATER_TN,708242311218655232,000,Les travaux se poursuivent pour assurer la reprise de l‚Äôapprovisionnement en #eau potable √† #Gafsa (SONEDE) https://t.co/GnvMp3DT3a,,['https://t.co/GnvMp3DT3a']
2019-02-24 16:40:30.461236,2019-02-19 09:23:20,Tunisie,radioexpressfm,191040022,1097788716855238656,Distribution de l'eau potable : perturbations et coupure √† Raoued ce soir https://t.co/7Yms5Qybde https://t.co/VYidVPAQFI,Raoued,['https://t.co/7Yms5Qybde','https://t.co/VYidVPAQFI']
2019-02-24 16:40:30.461642,2019-02-19 08:27:36,Tunisie,WATCHWATER_TN,708242311218655232,1097774690502955008,Les travaux se poursuivent pour assurer la reprise de l‚Äôapprovisionnement en #eau potable √† #Gafsa (SONEDE) https://t.co/GnvMp3DT3a,Gafsa,['https://t.co/GnvMp3DT3a']
2019-02-24 16:40:30.461882,2019-02-18 17:10:08,Tunisie,Nessmatv,42236944,1097543801235783684,"A partir de demain, mardi 19 f√©vrier 2019... https://t.co/XJC4x3GCFK",['https://t.co/XJC4x3GCFK']
2019-02-24 16:40:30.462364,2019-02-18 13:14:07,Tunis,mondherboussaa1,2982264873,1097484405696806912,"Une perturbation et une coupure dans l‚Äôapprovisionnement en eau potable, seront enregistr√©es √† partir du mardi 19 f√©vrier 2019, √† 21H, dans la d√©l√©gation de #Raoued. #Tunis #Actualit√© https://t.co/gPZjeEFBwS https://t.co/KGuRRRc1l2",Raoued,['https://t.co/gPZjeEFBwS','https://t.co/KGuRRRc1l2']
2019-02-24 16:40:30.462644,2019-02-18 12:15:23,Tunisie,TUNumerique,226171563,1097469627825881089,Tunisie: Perturbation de l'approvisionnement en eau potable dans plusieurs zones de Raoued https://t.co/mW0QM8suaz,Raoued,['https://t.co/mW0QM8suaz']
2019-02-24 16:40:30.462941,2019-02-18 11:58:16,Tunisie,visions_tn,135121071,1097465320166563843,pertrubation de la distribution d‚Äôeau potable dans plusieurs r√©gion demain √† partir de¬†21h https://t.co/dzVjN9MQR4 https://t.co/3uDgWNfKPk,,['https://t.co/dzVjN9MQR4','https://t.co/3uDgWNfKPk']
2019-02-24 16:40:30.463264,2019-02-18 11:42:17,Tunisie,RadioShemsFm,195014153,1097461297753612290,Ariana : pertrubation de la distribution d'eau potable dans plusieurs r√©gion demain √† partir de 21h https://t.co/Pq0ZUtk7l1,Ariana,['https://t.co/Pq0ZUtk7l1']
2019-02-24 16:40:30.463465,2019-02-16 18:30:09,Tunisie,Nessmatv,42236944,1096839162106441731,Malgr√© le retard dans la r√©alisation... https://t.co/DJczsEnscn,,['https://t.co/DJczsEnscn']
2019-02-24 16:40:30.463664,2019-02-14 16:00:12,Tunisie,Nessmatv,42236944,1096076650943574018,Selon un communiqu√© de la SONEDE... https://t.co/cgb39AfWeF,,['https://t.co/cgb39AfWeF']
2019-02-24 16:40:30.463944,2019-02-14 15:54:11,Tunisie,RadioShemsFm,195014153,1096075139001798662,Reprise cette nuit de l‚Äôapprovisionnement en eau potable dans la r√©gion de Rad√®s https://t.co/nAbyJ0Mqdz,Rad√®s,['https://t.co/nAbyJ0Mqdz']
2019-02-24 16:40:30.464232,2019-02-14 13:01:35,Tunisie,visions_tn,135121071,1096031702013657088,le vol des √©quipements de la SONEDE prive plusieurs r√©gions de l‚Äôeau¬†potable https://t.co/K4PykDFykw https://t.co/dqXYeFItXt,,['https://t.co/K4PykDFykw','https://t.co/dqXYeFItXt']
2019-02-24 16:40:30.464554,2019-02-14 12:57:33,Tunisie,RadioShemsFm,195014153,1096030684647440384,Jendouba nord : le vol des √©quipements de la SONEDE prive plusieurs r√©gions de l'eau potable https://t.co/CiiImo2QRI,Jendouba,['https://t.co/CiiImo2QRI']
2019-02-24 16:40:30.465154,2019-02-14 09:15:09,Africa,odilon236,972065918,1095974719122227200,"Nos gouvernants ont l'habitude de prendre de l'eau min√©rale pdt que les populations sont en qu√™te de l'eau potable. Les habitants d'un village Kenyan ont servi de l'eau sale aux autorit√©s lors d'une r√©union. Cela doit servir de le√ßon √† tous. #Centrafrique https://t.co/weB3WnXdWO https://t.co/agUbx3Upsw",,['https://t.co/weB3WnXdWO','https://t.co/agUbx3Upsw']
2019-03-03 16:20:46.389980,2019-03-01 11:10:37,Tunisie,TUNISCOPEcom,46120356,1101439594329985025,"A Fondouk Jedid, sit-in et arr√™t de la pompe du canal Majerda desservant l'eau potable https://t.co/Oi2vBIMfqP",Fondouk Jedid,['https://t.co/Oi2vBIMfqP']
2019-03-03 16:20:46.391242,2019-02-27 18:13:58,Tunis ,samirtaiebTN,352369468,1100821356592095238,"Il s‚Äôagit d‚Äôun projet d‚Äôappui de la production de l‚Äôeau potable dans le Grand-Tunis avec une capacit√© de production de 100 mille m3 par jour. Le 2√®me projet porte, en outre, sur la station du traitement des eaux us√©es avec une capacit√© de production... https://t.co/gP44Ij6eF6",,['https://t.co/gP44Ij6eF6']
2019-03-03 16:20:46.391686,2019-02-27 15:20:20,Tunisie,AfricanManager,150391224,1100777662430281729,Le Grand Tunis n‚Äôaura plus de soucis d‚Äôeau potable https://t.co/I14KyCL4u4,Tunis,,['https://t.co/I14KyCL4u4']
2019-03-03 16:20:46.392284,2019-02-27 15:15:25,Tunisie,Tunivisions,60746318,1100776421851648000,Le Chef du gouvernement Youssef Chahed inaugure deux importants projets √† Ghedir el Golla consacr√©s √† l‚Äôeau potable https://t.co/45kmZaWbr4,Ghedir el Golla,['https://t.co/45kmZaWbr4']
2019-03-03 16:20:46.392898,2019-02-27 15:14:21,tunisia,mapinter,138743461,1100776154255032322,Le Chef du gouvernement inaugure deux importants projets √† Ghedir el Golla consacr√©s √† l‚Äôeau potable | Tunivisions https://t.co/GTxP6i5HEg via @Tunivisions,Ghedir el Golla,['https://t.co/45kmZaWbr4']
2019-03-03 16:20:46.393599,2019-02-27 05:32:21,"Yaounde, Cameroon",HYambene,957692189047443458,1100629689440370688,"RT @odilon236: #Centrafrique : le manque d'eau potable dans les p√©riph√©ries de Bangui devient un probl√®me plus √©pineux que jamais.Il faut‚Ä¶",,[]
2019-03-03 16:20:46.394109,2019-02-27 03:52:41,Tunisie,visions_tn,135121071,1100604607552720896,Perturbation de la distribution de l‚Äôeau potable dans la zone inf√©rieure √† Utique¬†ville https://t.co/0wZ7AKliWu https://t.co/jbPB7AjhU8,Utique,['https://t.co/0wZ7AKliWu', 'https://t.co/jbPB7AjhU8']
2019-03-03 16:20:46.394686,2019-02-26 15:44:48,Tunisie,RTCI_radio,2815086341,1100421431807143938,Utique : Perturbations et coupures dans la distribution d'eau potable | RTCI - Radio Tunis Cha√Æne Internationale https://t.co/IM5dYzadB2,"Tunis,Utique",,['https://t.co/IM5dYzadB2']
2019-03-03 16:20:46.395349,2019-02-26 15:15:46,"Nancy, Lorraine, France",achebe54,851371458,1100414124381499393,"RT @odilon236: #Centrafrique : le manque d'eau potable dans les p√©riph√©ries de Bangui devient un probl√®me plus √©pineux que jamais. Il faut‚Ä¶",,[]
2019-03-03 16:20:46.395986,2019-02-26 11:59:08,"Besan√ßon, France ",jeancy_paterne,4548042135,1100364637877481472,"RT @odilon236: #Centrafrique : le manque d'eau potable dans les p√©riph√©ries de Bangui devient un probl√®me plus √©pineux que jamais. Il faut‚Ä¶",,[]
2019-03-03 16:20:46.396604,2019-02-26 10:52:23,France,GaetanKo,1056190159325200384,1100347841296379905,"RT @odilon236: #Centrafrique : le manque d'eau potable dans les p√©riph√©ries de Bangui devient un probl√®me plus √©pineux que jamais. Il faut‚Ä¶",,[]
2019-03-03 16:20:46.397589,2019-02-26 10:21:15,Africa,odilon236,972065918,1100340007678722048,"#Centrafrique : le manque d'eau potable dans les p√©riph√©ries de Bangui devient un probl√®me plus √©pineux que jamais. Il faut trouver une alternative √† la #Sodeca qui ne parvient pas √† satisfaire le besoin de ses clients. Ayez piti√© de ses m√®res d'enfants! @GouvCF @RJDH_RCA https://t.co/EUVe2AEYI1",,['https://t.co/EUVe2AEYI1']
2019-03-03 16:20:46.398093,2019-02-25 10:33:32,Tunisie,radioexpressfm,191040022,1099980710750928897,Samir Taieb : un plan national mis en place pour s√©curiser approvisionnement en eau potable durant l‚Äô√©t√© 2019 https://t.co/Ldm9kbixqp https://t.co/cj3VX8iD1J,,['https://t.co/Ldm9kbixqp','https://t.co/cj3VX8iD1J']
2019-03-04 15:53:13.002255,2019-03-01 11:10:37,Tunisie,TUNISCOPEcom,46120356,1101439594329985025,"A Fondouk Jedid, sit-in et arr√™t de la pompe du canal Majerda desservant l'eau potable https://t.co/Oi2vBIMfqP",Fondouk Jedid,['https://t.co/Oi2vBIMfqP']
2019-03-05 16:46:35.023752,2019-03-04 19:26:58,Tunisia,Tunelyz,368253942,1102651668997595137,"Consommation de l'eau potable dans le secteur touristique : 611 Litres par Jour et par lit occup√©. Telle une douche froide sachant que pour remplir une baignoire, il faudrait 200 litres d‚Äôeau au plus. Source : https://t.co/sISUlc2URZ. D√©tails: https://t.co/dXFEQv2htF https://t.co/ZrCtT4xlvW",,"['https://t.co/sISUlc2URZ', 'https://t.co/dXFEQv2htF', 'https://t.co/ZrCtT4xlvW']"
2019-03-05 16:46:35.463674,2019-03-01 11:10:37,Tunisie,TUNISCOPEcom,46120356,1101439594329985025,"A Fondouk Jedid, sit-in et arr√™t de la pompe du canal Majerda desservant l'eau potable https://t.co/Oi2vBIMfqP",Fondouk Jedid,['https://t.co/Oi2vBIMfqP']
2019-03-05 16:46:35.900530,2019-02-27 18:13:58,Tunis ,samirtaiebTN,352369468,1100821356592095238,"Il s‚Äôagit d‚Äôun projet d‚Äôappui de la production de l‚Äôeau potable dans le Grand-Tunis avec une capacit√© de production de 100 mille m3 par jour. Le 2√®me projet porte, en outre, sur la station du traitement des eaux us√©es avec une capacit√© de production... https://t.co/gP44Ij6eF6",Tunis,['https://t.co/gP44Ij6eF6']
2019-03-05 16:46:36.346773,2019-02-27 15:20:20,Tunisie,AfricanManager,150391224,1100777662430281729,Le Grand Tunis n‚Äôaura plus de soucis d‚Äôeau potable https://t.co/I14KyCL4u4,Tunis,['https://t.co/I14KyCL4u4']
2019-03-05 16:46:36.782753,2019-02-27 15:15:25,Tunisie,Tunivisions,60746318,1100776421851648000,Le Chef du gouvernement Youssef Chahed inaugure deux importants projets √† Ghedir el Golla consacr√©s √† l‚Äôeau potable https://t.co/45kmZaWbr4,Ghedir el Golla,['https://t.co/45kmZaWbr4']
2019-03-05 16:46:37.226626,2019-02-27 15:14:21,tunisia,mapinter,138743461,1100776154255032322,Le Chef du gouvernement inaugure deux importants projets √† Ghedir el Golla consacr√©s √† l‚Äôeau potable | Tunivisions https://t.co/GTxP6i5HEg via @Tunivisions,Ghedir el Golla,['https://t.co/GTxP6i5HEg']
2019-03-05 16:46:37.678437,2019-02-27 05:32:21,"Yaounde, Cameroon",HYambene,957692189047443458,1100629689440370688,"RT @odilon236: #Centrafrique : le manque d'eau potable dans les p√©riph√©ries de Bangui devient un probl√®me plus √©pineux que jamais. 
Il faut‚Ä¶",,[]
2019-03-05 16:46:38.140833,2019-02-27 03:52:41,Tunisie,visions_tn,135121071,1100604607552720896,Perturbation de la distribution de l‚Äôeau potable dans la zone inf√©rieure √† Utique¬†ville https://t.co/0wZ7AKliWu https://t.co/jbPB7AjhU8,Utique,"['https://t.co/0wZ7AKliWu', 'https://t.co/jbPB7AjhU8']"
2019-03-05 16:46:38.596936,2019-02-26 15:44:48,Tunisie,RTCI_radio,2815086341,1100421431807143938,Utique : Perturbations et coupures dans la distribution d'eau potable | RTCI - Radio Tunis Cha√Æne Internationale https://t.co/IM5dYzadB2,"Tunis,Utique",['https://t.co/IM5dYzadB2']
2019-03-05 16:46:39.060942,2019-02-26 15:15:46,"Nancy, Lorraine, France",achebe54,851371458,1100414124381499393,"RT @odilon236: #Centrafrique : le manque d'eau potable dans les p√©riph√©ries de Bangui devient un probl√®me plus √©pineux que jamais. 
Il faut‚Ä¶",,[]
2019-03-05 16:46:39.524202,2019-02-26 11:59:08,"Besan√ßon, France ",jeancy_paterne,4548042135,1100364637877481472,"RT @odilon236: #Centrafrique : le manque d'eau potable dans les p√©riph√©ries de Bangui devient un probl√®me plus √©pineux que jamais. 
Il faut‚Ä¶",,[]
2019-03-05 16:46:39.974529,2019-02-26 10:52:23,France,GaetanKo,1056190159325200384,1100347841296379905,"RT @odilon236: #Centrafrique : le manque d'eau potable dans les p√©riph√©ries de Bangui devient un probl√®me plus √©pineux que jamais. 
Il faut‚Ä¶",,[]
2019-03-05 16:46:40.460829,2019-02-26 10:21:15,Africa,odilon236,972065918,1100340007678722048,"#Centrafrique : le manque d'eau potable dans les p√©riph√©ries de Bangui devient un probl√®me plus √©pineux que jamais. 
Il faut trouver une alternative √† la #Sodeca qui ne parvient pas √† satisfaire le besoin de ses clients.
Ayez piti√© de ses m√®res d'enfants! @GouvCF @RJDH_RCA https://t.co/EUVe2AEYI1",,['https://t.co/EUVe2AEYI1']
2019-03-05 16:46:40.913889,2019-02-25 10:33:32,Tunisie,radioexpressfm,191040022,1099980710750928897,Samir Taieb : un plan national mis en place pour s√©curiser approvisionnement en eau potable durant l‚Äô√©t√© 2019 https://t.co/Ldm9kbixqp https://t.co/cj3VX8iD1J,,"['https://t.co/Ldm9kbixqp', 'https://t.co/cj3VX8iD1J']"
2019-03-07 15:36:40.195070,2019-03-06 17:52:43,,carnetdoute,73160245,1103352724266123265,RT @WATCHWATER_TN: Moyenne de la Consommation de l'eau potable dans le secteur touristique : 611 Litres par Jour et par lit / personne. Un‚Ä¶,,[]
2019-03-07 15:36:40.602462,2019-03-06 16:02:50,Tunisie,WATCHWATER_TN,708242311218655232,1103325070913617921,"Moyenne de la Consommation de l'eau potable dans le secteur touristique : 611 Litres par Jour et par lit / personne. Un chiffre qui donne froid au dos sachant que pour remplir une baignoire, il faudrait 200... https://t.co/kJvElUHf5I",,['https://t.co/kJvElUHf5I']
2019-03-07 15:36:41.013203,2019-03-05 15:37:49,Ouargla,tiiziri,1034014003247370241,1102956388530245638,"@ikrmch_ C‚Äôest le pire peuple. Imagine t‚Äôes milliardaire, tu peux d√©velopper l‚Äôacc√®s √† l‚Äôeau potable dans plein de pays, mais tu pr√©f√®res payer une babtou pour qu‚Äôelle t‚Äôenfonce un poisson dans les fesses",,[]
2019-03-07 15:36:41.642787,2019-02-26 14:20:12,Tunisie,Nessmatv,42236944,1100400140333039617,ÿßÿ∂ÿ∑ÿ±ÿßÿ® ŸàÿßŸÜŸÇÿ∑ÿßÿπ ŸÅŸä ÿ™Ÿàÿ≤Ÿäÿπ ŸÖÿßÿ° ÿßŸÑÿ¥ÿ±ÿ® ŸÅŸä Ÿáÿ∞Ÿá ÿßŸÑŸÖŸÜÿßÿ∑ŸÇ https://t.co/lof2ssHZpf,,['https://t.co/lof2ssHZpf']
2019-03-10 19:48:10.175132,2019-03-08 14:58:39,La Marsa,WissamBenlamine,2829582105,1104033694988357633,"Un montant total de pr√®s de 10,8 millions de dollars am√©ricains a √©t√© allou√© pour des routes ext√©rieures et des raccordements √† l‚Äôeau potable, √† l‚Äô√©lectricit√© et au gaz, en plus d‚Äôune usine de traitement des eaux us√©es.
#Tunisie #Projet #Investissement https://t.co/q8Byvas98R",Tunis,['https://t.co/q8Byvas98R']
2019-03-10 19:48:10.596723,2019-03-07 18:25:09,Tunis,marz_ala,183110462,1103723276264722432,"""A l‚Äô√©chelle national, le taux de desserte en #eau potable est en constante augmentation depuis 20 ans. Mais aujourd‚Äôhui, selon les chiffres... https://t.co/lNyLQLyycn",,['https://t.co/lNyLQLyycn']
2019-03-10 19:48:11.019868,2019-03-07 13:12:49,Tunisie,WATCHWATER_TN,708242311218655232,1103644672600297472,"""A l‚Äô√©chelle nationale, le taux de desserte en #eau potable est en constante augmentation depuis 20 ans. Mais aujourd‚Äôhui, selon les chiffres... https://t.co/kODbQAwGFJ",,['https://t.co/kODbQAwGFJ']
2019-03-10 19:48:11.444481,2019-03-07 10:56:54,,abidjantimes,2491573471,1103610470437715968,RT @odilon236: #CotedIvoire Traitement d‚Äôeau potable : Bient√¥t une usine de 108 milliards de FCFA √† Abidjan https://t.co/8BNJKOC8vz @abidja‚Ä¶,,['https://t.co/8BNJKOC8vz']
2019-03-10 19:48:11.868762,2019-03-07 08:16:51,Africa,odilon236,972065918,1103570190967681024,#CotedIvoire Traitement d‚Äôeau potable : Bient√¥t une usine de 108 milliards de FCFA √† Abidjan https://t.co/8BNJKOC8vz @abidjantimes #Centrafrique,,['https://t.co/8BNJKOC8vz']
2019-03-10 19:48:12.292289,2019-03-07 07:03:39,Tunisia,AMORNEKHILI,19761396,1103551770436034565,Pr√®s de 300.000 personnes √† travers la Tunisie vivent sans aucun acc√®s √† l'eau potable. Elles sont oblig√©es de recueillir de l'eau de pluie ou dans les sources. Analyse en chiffres d'un acc√®s in√©gal √† l'eau.  https://t.co/tLSGPAtoFJ https://t.co/JLNPWA28nb,Tunis,"['https://t.co/tLSGPAtoFJ', 'https://t.co/JLNPWA28nb']"
2019-03-13 21:16:54.026337,2019-03-13 09:04:06,Carthage,KhlifMansouri,2829676529,1105756409562611712,RT @TUNumerique: Tunisie ‚Äì La SONEDE annonce une m√©ga coupure d‚Äôeau potable sur le grand Tunis https://t.co/h4l9pclVgQ,Tunis,['https://t.co/h4l9pclVgQ']
2019-03-13 21:16:54.440313,2019-03-12 20:25:40,Tunisie,Tunivisions,60746318,1105565542759518210,La SONEDE annonce des coupures et des perturbations dans la distribution de l‚Äôeau potable  dans diverses r√©gions de Tunis et de l‚ÄôAriana ‚Äì Prenez donc vos pr√©cautions d√®s ce soir https://t.co/ga3o4JNPiv,"Tunis,Ariana",['https://t.co/ga3o4JNPiv']
2019-03-13 21:16:54.860072,2019-03-12 20:24:23,tunisia,mapinter,138743461,1105565217919062016,La SONEDE annonce des coupures et des perturbations dans la distribution de l‚Äôeau potable dans diverses r√©gions de Tunis et de l‚ÄôAriana | Tunivisions https://t.co/sibjEIU5kD via @Tunivisions,"Tunis,Ariana",['https://t.co/sibjEIU5kD']
2019-03-13 21:16:55.275460,2019-03-12 19:38:37,Tunisie,TUNumerique,226171563,1105553703405264897,Tunisie ‚Äì La SONEDE annonce une m√©ga coupure d‚Äôeau potable sur le grand Tunis https://t.co/h4l9pclVgQ,Tunis,['https://t.co/h4l9pclVgQ']
2019-03-13 21:16:55.710082,2019-03-12 16:18:03,Tunisie,RadioShemsFm,195014153,1105503226579824643,Tunis et Ariana : perturbations dans la distribution de l‚Äôeau potable https://t.co/CgVQSddmXk,"Tunis,Ariana",['https://t.co/CgVQSddmXk']
2019-03-13 21:16:56.125495,2019-03-12 15:58:00,Tunis,RadioMosaiqueFM,111240404,1105498181457059840,Perturbation dans la distribution de l'eau √† Tunis et √† l'Ariana https://t.co/aOwPF599z4,"Tunis,Ariana",['https://t.co/aOwPF599z4']
2019-03-14 23:03:16.732564,2019-03-14 13:57:47,Tunisie,webdo_tn,98333633,1106192706156531712,Reprise progressive de la distribution d'eau potable dans le grand Tunis https://t.co/tSUvv3KJ3A #Tunisie,Tunis,['https://t.co/tSUvv3KJ3A']
2019-03-14 23:03:17.138343,2019-03-14 12:30:32,Tunisie,Nessmatv,42236944,1106170747435864065,Apr√®s 31 heures de travail continu ... https://t.co/DNYR94MOKI,,['https://t.co/DNYR94MOKI']
2019-03-14 23:03:17.546762,2019-03-14 10:15:36,Tunisie,Tunivisions,60746318,1106136791197851649,La Soci√©t√© Nationale d'Exploitation et de Distribution des Eaux (SONEDE) annonce la fin des travaux de r√©paration du Canal principal de distribution de l‚Äôeau potable pour Tunis et l‚ÄôAriana https://t.co/Wplv4N4Huf,"Tunis,Ariana",['https://t.co/Wplv4N4Huf']
2019-03-14 23:03:17.949139,2019-03-14 10:14:13,tunisia,mapinter,138743461,1106136442240159745,La SONEDE annonce la fin des travaux de r√©paration du Canal principal de distribution de l‚Äôeau potable pour Tunis et l‚ÄôAriana | Tunivisions https://t.co/sf8NAWXllz via @Tunivisions,"Tunis,Ariana",['https://t.co/sf8NAWXllz']
2019-03-14 23:03:18.364160,2019-03-14 10:13:07,Africa ,Titoval,56454030,1106136166984761345,@NoahYannick @PierreChrist_ @BNPParibas @FeteleMur @WeAreTennisFR Bof... ya tjrs pas d'eau potable a etoudi... so what?,,[]
2019-03-14 23:03:19.119678,2019-03-14 07:25:22,Tunisia,MiiDoS,302105764,1106093947712163840,ÿßŸÑÿ¥ÿ±ÿ® ŸÖŸÜ ŸÖÿßÿ° ÿßŸÑÿµŸàŸÜÿßÿØ ŸÅÿ±ŸäŸÖŸàŸÜ ÿπŸÜÿØŸà ÿ∑ÿπŸÖ ÿ™ÿßŸÜŸä üòç ŸáÿßŸÑŸÜŸáÿßÿ±ŸäŸÜ!,,[]
2019-03-15 13:30:14.004429,2019-03-14 14:03:20,Tunisie,hajji_sonia,2961665734,1106194099755986944,"L‚Äôeau potable sera de nouveau disponible lorsque les r√©servoirs de distribution seront √† nouveau remplis.
#Actualit√© #Tunis https://t.co/KlUV8CygW1",Tunis,['https://t.co/KlUV8CygW1']
2019-03-21 01:41:19.937738,2019-03-19 07:17:52,Tunisie,TUNumerique,226171563,1107904000228278272,Tunisie: Perturbation de l'approvisionnement en eau potable dans les cit√©s Ettadhamen et Ettahrir https://t.co/MnzL8xpvYX,Tunis,['https://t.co/MnzL8xpvYX']
2019-03-21 01:41:20.366476,2019-03-18 15:30:23,Tunisie,Nessmatv,42236944,1107665559578181633,"La reprise sera assur√©e, progressivement, mercredi 20 mars 2019... https://t.co/9Ck6qORyZO",,['https://t.co/9Ck6qORyZO']
2019-03-21 01:41:20.790232,2019-03-18 14:51:41,Tunisie,Rachid_beni,2485449751,1107655820244910080,"#SONEDE a annonc√© lundi, une coupure dans la distribution de l‚Äôeau potable pr√©vue mardi 19 mars 2019, √† partir de 08H du matin dans la ville de Djebel El Oust.
#Zaghouan #Tunisie https://t.co/WcZ7rDkahQ https://t.co/MgenPrbsMR","Tunis,Zaghouan","['https://t.co/WcZ7rDkahQ', 'https://t.co/MgenPrbsMR']"
2019-03-21 01:41:21.210196,2019-03-18 14:35:31,Tunis,RadioMosaiqueFM,111240404,1107651750406819846,Coupure de l'eau potable √† Djebel El Oust https://t.co/hAEPtcJQY7,,['https://t.co/hAEPtcJQY7']
2019-03-28 17:11:02.110462,2019-03-26 12:44:55,Tunisie,AlBawsalaTN,545149035,1110523019603202048,Passage au Vote sur le Projet de loi N¬∞12/2019 portant approbation de la convention de pr√™t entre le Fonds Saoudien de D√©veloppement et la Tunisie pour le financement du projet d‚Äôam√©lioration de la desserte en eau potable en milieu rural dans le gouvernorat de Bizerte #TNARP,"Tunis,Bizerte",[]
2019-03-28 17:11:02.516149,2019-03-26 09:40:44,Tunisie,AlBawsalaTN,545149035,1110476669683449857,"A l'ordre du jour: 
L'examen du projet de loi portant  approbation de la convention de pr√™t pour le  financement du projet ¬´ d‚Äôam√©lioration de la desserte en eau potable en  milieu rural dans le gouvernorat de Bizerte ¬ª",Bizerte,[]
2019-03-28 17:11:02.926565,2019-03-24 18:19:03,Africa,ACA_WeAdvocate,1039907366446292992,1109882334843727874,"#CapVert, Le prix du m√®tre cube d'eau fix√© √† 0,122 USD, soit 70.69 XAF.  Ceci est une initiative √† f√©liciter car elle permet √† tous les m√©nages de se procurer une eau potable. 
Pour quoi au #Cameroun l'eau est aussi cher? Le m√®tre cube co√ªte 364 XAF. #Water4All 
 üì∑(AFP) https://t.co/buMIgg00NN",,['https://t.co/buMIgg00NN']
2019-03-28 17:11:03.348663,2019-03-23 07:16:02,Tunisie,zdig1,83364690,1109353093685108737,"Plus de 800¬†millions d‚Äôhumains priv√©s d‚Äôeau potable: Les Nations unies dressent un tableau alarmant de l‚Äôacc√®s √† l‚Äôeau potable dans son rapport 2019. En¬†2015, six humains sur dix ne disposaient pas de toilettes ou √©quivalent. https://t.co/S0Tqc5UbHC https://t.co/mTfRnwKYCH",,"['https://t.co/S0Tqc5UbHC', 'https://t.co/mTfRnwKYCH']"
2019-03-28 17:11:03.756606,2019-03-22 15:40:59,Africa,Niko_Burkina,1395609636,1109117777393135616,Plus de deux milliards de personnes sans eau potable dans le monde : le constat alarmant de l'ONU via @franceinter https://t.co/BjdU1IjFy5,,['https://t.co/BjdU1IjFy5']
2019-03-28 17:11:04.164254,2019-03-22 15:34:47,Africa,ACA_WeAdvocate,1039907366446292992,1109116217002995712,Cameroun: environ 9 millions de personnes n‚Äôont pas acc√®s √† l‚Äôeau potable. Lisez l'article complet en cliquant sur le lien.#JourneeMondialeDelEa #WorldWaterDay  https://t.co/CUQ6NetDlD via @JDC_Fr,,['https://t.co/CUQ6NetDlD']
2019-03-28 17:11:04.573350,2019-03-22 14:19:48,Tunisie,CanadaTunisie,2196397436,1109097346980290561,"#SVQ 2,1 milliards de personnes vivent sans acc√®s √† l‚Äôeau potable chez eux? En cette #Journ√©eMondialeDeLeau, joignez-vous au Canada üá®üá¶ et soutenez #DeLeauPourTous. Faisons en sorte que PERSONNE ne soit laiss√© pour compte. #ODD6 https://t.co/eGbkYFGG7A",,['https://t.co/eGbkYFGG7A']
2019-03-28 17:11:04.976185,2019-03-22 14:03:17,Tunisie,MouradAbdellah2,1020275481420214273,1109093192962576386,"Aujourd'hui, journ√©e internationale de l'eau, plus de 2 milliards de personnes n'ont pas acc√®s √† l'eau potable, surtout en Afrique.
L'eau, c'est 60% du poids du corps et chacun a besoin de 1,5 l d'eau/jour. L'eau c'est la vie et c'est un droit pour tous !",,[]
2019-03-28 17:11:05.385101,2019-03-22 12:56:32,Nabeul,sarah_agena,718942957592788994,1109076394305351681,Le manque d'eau potable tue 3 fois plus d'enfants que la violence dans les pays en conflit https://t.co/PDjrr7P4gZ via @rtbfinfo,,['https://t.co/PDjrr7P4gZ']
2019-03-29 20:04:28.148710,2019-03-29 00:28:14,TUNIS,HusseiniAl,297971428,1111424794388385792,"Alerte aux pesticides dans l'eau potable: UFC-Que Choisir veut faire payer les agriculteurs pour la d√©pollution !

 https://t.co/ilwtSOmrWI",,['https://t.co/ilwtSOmrWI']
2019-03-29 20:04:28.557095,2019-03-28 08:21:30,Tunisia,noomensays,940505762056540162,1111181507673145344,@unknownbotasky @jyms95 @PaulinePaccard @France24_fr √™tes vous s√ªr qu'il s'agit bien d'eau potable ??,,[]
2019-04-03 12:01:14.163473,2019-04-02 09:38:55,Africa,MbalamSEES,494846515,1113012926208770054,Les travaux de Keur Momar Sarr r√©alis√©s √† 40% https://t.co/ipDMP8N2Lf,,['https://t.co/ipDMP8N2Lf']
2019-04-09 20:46:35.488468,2019-04-07 19:38:32,Tunisia ,Mimouna,17482371,1114975765773176832,RT @BsiLiAdeL: Je suis admiratif de ce que je regarde now: le Conseil Municipal de Tripoli qui tient une conf√©rence de Presse pour rassurer‚Ä¶,,[]
2019-04-09 20:46:35.889111,2019-04-07 18:46:41,Tunis,BsiLiAdeL,335189648,1114962717167816706,"Je suis admiratif de ce que je regarde now: le Conseil Municipal de Tripoli qui tient une conf√©rence de Presse pour rassurer les citoyens √† propos de leurs besoins vitaux (denr√©es alimentaires, eau potable, √©lectricit√©, sant√©, p√©trole, etc...). #BRAVO",,[]
2019-04-09 20:46:36.305738,2019-04-03 08:45:19,Tunis ,samirtaiebTN,352369468,1113361825981247488,"Le minist√®re de l‚ÄôAgriculture, des ressources hydrauliques et de la p√™che a annonc√© la mobilisation d‚Äôune enveloppe compl√©mentaire de 600 mille dinars dans le cadre d‚Äôun programme... https://t.co/r2dwgmYdP6",,['https://t.co/r2dwgmYdP6']
2019-04-09 20:46:36.901199,2019-04-09 07:38:17,tripoli,mehemedbel1,2824512684,1115519284883730432,ÿ£ŸÜÿß ÿ≥ŸÖÿπÿ™ ÿ£ŸÜ ÿßŸÑŸÖÿ¥ÿπŸàÿØŸàŸÜ ÿ£ÿ™ÿ®ÿßÿπ ÿßŸÑÿ£ÿÆŸàÿßŸÜ Ÿàÿ∂ÿπŸàÿß ŸÑŸÑÿ¥ÿπÿ® ÿßŸÑŸÑŸäÿ®Ÿä ÿ≥ÿ≠Ÿàÿ± ŸÅŸä ŸÖÿßÿ° ÿßŸÑÿ¥ÿ±ÿ® ŸàŸÑŸáÿ∞ÿß ŸáŸÖ ÿ∫ÿßŸÅŸÑŸàŸÜ ÿπŸÜ ÿßŸÑÿ≠ŸÇŸäŸÇÿ© .,,[]
2019-04-12 14:24:11.335767,2019-04-10 17:58:28,Africa,odilon236,972065918,1116037747670704130,#RCA : L'eau potable est devenue tr√®s inaccessible √† Bangui https://t.co/6bJB5z0lPl,,['https://t.co/6bJB5z0lPl']
2019-04-18 17:20:58.586644,2019-04-17 15:04:34,Tunis,RadioMosaiqueFM,111240404,1118530697918988288,Douar Hicher : vol des √©quipements de pompage de l‚Äôeau potable https://t.co/y3F55dp3EZ,Douar Hicher,['https://t.co/y3F55dp3EZ']
2019-04-18 17:20:59.002903,2019-04-17 14:06:30,C√¥te d'Ivoire,diakite_famori,983155727782072320,1118516085836394503,"RT @odilon236: #Centrafrique: le gouvernement fait attention un tant soit peu, au cri de c≈ìur du peuple qui r√©clame de l'eau potable.
La co‚Ä¶",,[]
2019-04-18 17:20:59.451308,2019-04-17 13:52:13,Africa,odilon236,972065918,1118512491229794304,"#Centrafrique: le gouvernement fait attention un tant soit peu, au cri de c≈ìur du peuple qui r√©clame de l'eau potable.
La construction des forages est en cours dans les p√©riph√©ries de la capitale, Bangui.
Il faut aussi penser aux villes de l'int√©rieur du pays. #LeauClaVie @GouvCF https://t.co/BVzyWRykbe",,['https://t.co/BVzyWRykbe']
2019-04-18 17:20:59.899319,2019-04-16 19:11:00,Marseille,Cherni__,239089980,1118230328261455872,"RT @malllouka: En Tunisie : on bloque des routes, on augmente les prix, on viol des enfants, on coupe internet, on ferme les stations de se‚Ä¶",Tunis,[]
2019-04-18 17:21:00.338974,2019-04-16 19:04:51,"Paris, Tunis",malllouka,120052874,1118228781477638146,"En Tunisie : on bloque des routes, on augmente les prix, on viol des enfants, on coupe internet, on ferme les stations de services, on te coupe l'eau potable pendant des jours... vie de merde!
#Tunisie #jetepleure",Tunis,[]
2019-04-18 17:21:00.762088,2019-04-16 16:06:45,Africa,odilon236,972065918,1118183960507559939,#Egypte : 1 milliard $ d‚Äôinvestissements pr√©vus pour l‚Äôacc√®s √† l‚Äôeau potable et l‚Äôassainissement au cours de l‚Äôexercice fiscal 2019-2020 (ministre) https://t.co/cSjIoa7UaZ,,['https://t.co/cSjIoa7UaZ']
2019-04-23 11:11:15.521086,2019-04-19 13:46:50,Africa,SocialNetLink,1450227973,1119235914075705344,#Togo: une nouvelle plateforme #numerique pour le contr√¥le d‚Äôacc√®s √† l‚Äôeau potable en zone rurale.  https://t.co/CCJSSKjcWe #CIV225 #Afrique #sofie,,['https://t.co/CCJSSKjcWe']
2019-05-01 11:08:59.450795,2019-04-29 14:41:47,Sfax,mezghanimehdi,94435720,1122873621288976384,Afrique. 320 millions de personnes sans acc√®s √† l‚Äôeau potable https://t.co/qOwDH1kAUh,,['https://t.co/qOwDH1kAUh']
2019-05-01 11:08:59.854726,2019-04-29 09:56:15,Africa,sikitimedia,313830971,1122801761771773953,Eau potable au B√©nin : une gestion √©quitable pour r√©duire les in√©galit√©s | B√©nin24 T√©l√©vision https://t.co/V5SmjRBgZA,,['https://t.co/V5SmjRBgZA']
2019-05-02 21:32:00.435910,2019-05-02 10:13:30,Tunisia,SKimmobiliere,1078233424136192000,1123893266464813056,"Dot√©e d'un jardin, d'une piscine ext√©rieure et d'une vue sur la mer, la #residence Amwej est situ√©e √† chott Meriem #front_de_mer
https://t.co/ichMajONw4 https://t.co/j73Ku3isWN",,"['https://t.co/ichMajONw4', 'https://t.co/j73Ku3isWN']"
2019-05-02 21:32:00.892574,2019-05-02 09:26:36,#Africa,AfricanMediaAge,2302622191,1123881462414159872,Ce #partenariat va permettre au sp√©cialiste du #hautd√©bit bas√© aux #EAU d‚Äôint√©grer la #suitelogicielle pour les #t√©l√©communications de @nexign_systems ‚Ä¶ au sein des solutions r√©seau de bout en bout r√©volutionnaires https://t.co/wy8gzRXtXO #t√©l√©com #IT #business #digitalhealth,,['https://t.co/wy8gzRXtXO']
2019-05-02 21:32:01.339026,2019-05-02 07:14:38,Africa ,falpap,47781671,1123848255761211392,@losouma @wadeabou @alydiabdiop En attendant il faut mettre des gants en tissu et les mouiller  et frotter la surface assi√©g√©e avant de tenter d'enlever les r√©sidus. Pareil aussi tu peux mettre le jean dans lavabo rempli d'eau et essayer avec les gants..üòâ #SunuMbay,,[]
2019-05-02 21:32:01.785261,2019-05-01 23:29:33,TUNISIE,hometecsarl,327284286,1123731211153813508,Marathon de Londres : des bulles d‚Äôeau distribu√©es pour limiter les bouteilles plastiques https://t.co/tQlzgHrLGT,,['https://t.co/tQlzgHrLGT']
2019-05-02 21:32:02.217585,2019-05-01 18:52:14,Africa,KolIhongui,994631851,1123661422313996288,"@afroO_pean @PierreChrist_ @jeanfrancis L'√©glise catholique consacre chaque ann√©e √† travers ses diff√©rents d√©membrement des milliards dans l'eau et l'assainissement, l'√©ducation et la sant√©. La construction de cette √©glise est un mauvais proc√®s qu'on lui fait. Elle a droit de construire des lieux de culte aussi.",,[]
2019-05-02 21:32:02.643129,2019-05-01 17:26:53,,cm_ozone,1123009020913229825,1123639944176652288,"RT @AsteSN: We've astes @cm_ozone ! Vente, installation et location de bombonnes d'eau. La famille Astes Consulting est heureuse de vous re‚Ä¶",,[]
2019-05-02 21:32:03.093593,2019-05-01 17:23:52,Tunisie,visions_tn,135121071,1123639186597318656,De la coca√Øne dans des crevettes d‚Äôeau douce de la campagne¬†anglaise https://t.co/Bc4Az9XP7D https://t.co/oyBg9QAHik,,"['https://t.co/Bc4Az9XP7D', 'https://t.co/oyBg9QAHik']"
2019-05-02 21:32:03.522787,2019-05-01 17:14:49,Tunis,RadioMosaiqueFM,111240404,1123636906120634368,De la coca√Øne dans des crevettes d'eau douce de la campagne anglaise https://t.co/xXGKf0iuOv,,['https://t.co/xXGKf0iuOv']
2019-05-02 21:32:03.949279,2019-05-01 16:08:07,Nabeul,sarah_agena,718942957592788994,1123620119748521985,Des sacs en plastique biod√©gradable toujours intacts apr√®s trois ans dans de l'eau de mer https://t.co/A9KOmrqHXH via @rtbfinfo,,['https://t.co/A9KOmrqHXH']
2019-05-02 21:32:04.378481,2019-05-01 12:14:43,Nabeul,sarah_agena,718942957592788994,1123561385756172293,"Nantes. L'eau de la Loire rouge √† Malakoff : ""sans risque"" selon la m√©tropole https://t.co/e0o5XjOdzy via @presseocean",,['https://t.co/e0o5XjOdzy']
2019-05-02 21:32:04.808824,2019-05-01 11:25:43,Tunisia,ZemniStore,966272578175275008,1123549055253135363,"Votre peau a de plus en plus besoin d'hydratation. Peaux mature d√©licates sensibles et fragiles voici votre bonheur 
L'EAU R√â-√âQUILIBRANTE : Calmante, Adoucissante et Apaisante ü§©ü§©
.
DISPONIBLE IMM√âDIATEMENT‚Ä¶ https://t.co/UvPSTLA2GQ",,['https://t.co/UvPSTLA2GQ']
2019-05-02 21:32:05.236692,2019-05-01 09:11:55,Tunisie,VitalLabo,994870306882969600,1123515380914368514,"#Phytolax est un #laxatif #puissant et #stimulant, procure un soulagement rapide ‚â§ 10 heures, #acc√©l√®re le #transit suite √† une action directe et sp√©cifique sur la motilit√© du #gros #intestin et par augmentation de la quantit√© d‚Äôeau dans ce dernier. https://t.co/QTv7zTz2RJ",,['https://t.co/QTv7zTz2RJ']
2019-05-02 21:32:05.660897,2019-05-01 08:12:08,Tunis,NO__PASARAN,192218166,1123500335849463808,"R√©colte des fleurs de bigaradier √† Nabeul pour l'extraction de ce qui est commun√©ment appel√© ""eau de fleurs d'oranger"".

Vous sentez cette odeur envo√ªtante ? https://t.co/0VnCTSRiHY",Nabeul,['https://t.co/0VnCTSRiHY']
2019-05-02 21:32:06.097060,2019-05-01 06:48:28,,piervial,273524713,1123479280929968128,"Les V√©n√©zu√©liens vivent souvent sans eau ni √©lectricit√©, beaucoup ont faim, d‚Äôautres sont pers√©cut√©s pour leur opinion par un #Maduro qui ne respecte pas la d√©mocratie mais @JLMelenchon plastronne et continue dans les gal√©jades choquantes.

https://t.co/r0RuCVlkmQ",,['https://t.co/r0RuCVlkmQ']
2019-05-02 21:32:06.526925,2019-05-01 00:20:05,Tunisie,LauraxSmgo,1004789058655150084,1123381540669538305,"@urhokage Inspire, expire, et tu bois de l'eau",,[]
2019-05-02 21:32:06.956840,2019-04-30 23:14:32,Tunisie,LauraxSmgo,1004789058655150084,1123365046455762945,@urhokage J'ai toujours beaucoup bu d'eau j'ai jamais eu d'acn√© ni rien askip c'est pour √ßa,,[]
2019-05-02 21:32:07.385875,2019-04-30 23:13:11,Tunisie,LauraxSmgo,1004789058655150084,1123364704376819717,@urhokage Je boie beaucoup d'eau,,[]
2019-05-02 21:32:07.813027,2019-04-30 20:08:05,Tunisia,ZemniStore,966272578175275008,1123318122923032576,"On sait que votre peau a de plus en plus besoin d'hydratation !
Peaux mature d√©licates sensibles et fragiles voici votre bonheur ! 
L'EAU R√â-√âQUILIBRANTE : Calmante, Adoucissante et Apaisante ü§©ü§©
LE S√âRUM ANTI-√ÇGE :‚Ä¶ https://t.co/DXLh8jNRkO",,['https://t.co/DXLh8jNRkO']
2019-05-02 21:32:08.240848,2019-04-30 20:03:22,Sousse ,maverick1259,113369782,1123316937180753923,"Le #parti naturel des #destouriens est √©vident et connu et reconnu... Ils n'ont qu'a y adh√©rer avec #honneur et #fiert√©,
Mieux que d'apporter l'eau a un moulin #ingrat et vou√© a l'#√©chec #tunisie #politique",,[]
2019-05-02 21:32:08.670821,2019-04-30 20:02:24,tunis,medzepplin,701913507403603968,1123316693827244032,"@nadhemtunisie Le prix du m√™me produit aux EAU est en dinars tn aussi,  mais pour voir √† quel point on est arnaqu√© c'est du vol et pillage organis√© par des oligarchs encourag√©s par un laisser-faire gouvernemental",,[]
2019-05-02 21:32:09.100760,2019-04-30 14:12:20,Somewhere only we know,feli__o,2752038928,1123228597723049984,"RT @ACA_WeAdvocate: Reportage sur la mort de 4 enfants √† la recherche de l'#eau √† Wolord√©, dans l'extr√™me nord #Cameroun. Pas de mesure con‚Ä¶",,[]
2019-05-02 21:32:09.528445,2019-04-30 13:45:56,Tunis,SansaRemix,56389175,1123221954226470912,"Les embrouilles sur le prix de la bouteille d'eau commencent
 - 700 millimes 
 - 750 millimes du frigo 
#OnEstEnAvril",,[]
2019-05-02 21:32:09.955162,2019-04-30 12:52:09,,Cecconraz,720517446,1123208416552521729,"RT @PicardPress: Sous l‚Äôeau √† 16 degr√©s depuis une demi-heure, tu te demandes qui profite de la vie √† une vingtaine de m√®tres sous la surfa‚Ä¶",,[]
2019-05-02 21:32:10.385722,2019-04-30 12:38:40,Tunisia,sasoukee,41561099,1123205022043582464,"@MyriamBoujbel Il y a un sondage √† Balhdia. Il est juste coup√© par l'Etat. Les habitants ont d√©j√† r√©clam√© son acc√®s, beaucoup ont √©t√© arr√™t√©s et ont √©t√© accus√©s par les autorit√©s locales de vouloir donner l'eau aux terroristes.",,[]
2019-05-02 21:32:10.821778,2019-04-30 12:28:09,Tunis,MouhannedTounsi,464764257,1123202377824256001,RT @0489_35: Le candidat tunisien √† l'Alesco s'est r√©veill√© sur le score de 5 contre 15. Un candidat au syndrome de la grenouille plong√©e d‚Ä¶,,[]
2019-05-02 21:32:11.260977,2019-04-30 11:18:49,Tunisie,PicardPress,2999376536,1123184929221877760,"Sous l‚Äôeau √† 16 degr√©s depuis une demi-heure, tu te demandes qui profite de la vie √† une vingtaine de m√®tres sous la surface.
Et l√†, tranquille, la belle mur√®ne double m√®tre vient te faire un coucou.
#Tunisie #AlHaouaria #plong√©e https://t.co/7LllEyFXtd",Tunis,['https://t.co/7LllEyFXtd']
2019-05-02 21:32:11.696565,2019-04-30 11:15:36,Yaound√©-Cameroun,JoyciieO,1908668809,1123184117452017664,"RT @ACA_WeAdvocate: Reportage sur la mort de 4 enfants √† la recherche de l'#eau √† Wolord√©, dans l'extr√™me nord #Cameroun. Pas de mesure con‚Ä¶",,[]
2019-05-02 21:32:12.137196,2019-04-30 08:18:58,Paris ,DechaineLouv,523683143,1123139667447119872,"RT @odilon236: @ARCADIUSPOUTOU Vraiment. Et pourtant, la p√©nurie d'eau est encore d'actualit√© en #Centrafrique https://t.co/nUJXytfOic",,['https://t.co/nUJXytfOic']
2019-05-02 21:32:12.571431,2019-04-30 06:19:06,"Yaound√©, Cameroon",rim_kw,1477979041,1123109504252387330,"RT @ACA_WeAdvocate: Reportage sur la mort de 4 enfants √† la recherche de l'#eau √† Wolord√©, dans l'extr√™me nord #Cameroun. Pas de mesure con‚Ä¶",,[]
2019-05-02 21:32:12.993937,2019-04-29 23:45:09,Africa,AsteSN,2814062321,1123010362473885696,"We've astes @cm_ozone ! Vente, installation et location de bombonnes d'eau. La famille Astes Consulting est heureuse de vous recevoir. Que les eaux jaillissent !",,[]
2019-05-02 21:32:13.419041,2019-04-29 23:24:18,"Adamoua, Cameroon",ClattenburgSte2,1053010772639567873,1123005114426564608,"RT @ACA_WeAdvocate: Reportage sur la mort de 4 enfants √† la recherche de l'#eau √† Wolord√©, dans l'extr√™me nord #Cameroun. Pas de mesure con‚Ä¶",,[]
2019-05-02 21:32:13.843838,2019-04-29 23:07:10,Tunis,DannousTn,431516143,1123000803982180357,EAU DE PARFUM SO FEVER https://t.co/dGERdoFIi5,,['https://t.co/dGERdoFIi5']
2019-05-02 21:32:14.272273,2019-04-29 23:05:48,Tunis,DannousTn,431516143,1123000458409390081,"STUDIO S+2, pied dans l'eau, meubl√© et bien present√© et climatis√©, https://t.co/SxIi0n1i0q",,['https://t.co/SxIi0n1i0q']
2019-05-02 21:32:14.699796,2019-04-29 21:52:26,Tunisie,Noam00zest,542760643,1122981994219155456,"L'eau a si bon go√ªt ces derniers temps, je m'enfile deux litres facile.",,[]
2019-05-02 21:32:15.126333,2019-04-29 21:47:19,"Littoral, Cameroon",StephaneDiyani3,1024960929094684672,1122980710342692865,"RT @ACA_WeAdvocate: Reportage sur la mort de 4 enfants √† la recherche de l'#eau √† Wolord√©, dans l'extr√™me nord #Cameroun. Pas de mesure con‚Ä¶",,[]
2019-05-02 21:32:15.550787,2019-04-29 20:55:49,Cameroun,_LetMeMore_,175714954,1122967746931822593,RT @KolIhongui: @HNjomini @237online Vous pref√©rez vous habiller en costume alors que des gens n'ont pas d'eau √† boire ?,,[]
2019-05-02 21:32:15.981840,2019-04-29 17:58:56,Partout meme dans ton trou ,alucard_934,1002251008049930240,1122923235660783616,Bon bah on dirait que y‚Äôen  a un qui va tomber a l‚Äôeau,,[]
2019-05-02 21:32:16.408061,2019-04-29 17:08:36,Tunis,0489_35,760235698133856258,1122910567923163136,"Le candidat tunisien √† l'Alesco s'est r√©veill√© sur le score de 5 contre 15. Un candidat au syndrome de la grenouille plong√©e dans de l'eau d'une marmite qui bouillonnait √† petit feu, inconsciente de l'effet de l'√©bullition qui la br√ªlait",,[]
2019-05-02 21:32:16.834338,2019-04-29 16:17:47,,hamadoukaitaoua,1073588550338265095,1122897777024012289,"RT @ACA_WeAdvocate: Reportage sur la mort de 4 enfants √† la recherche de l'#eau √† Wolord√©, dans l'extr√™me nord #Cameroun. Pas de mesure con‚Ä¶",,[]
2019-05-02 21:32:17.258004,2019-04-29 14:20:53,yaounde 2soa,ChristanMontec1,1005122114784038912,1122868359794655233,"RT @ACA_WeAdvocate: Reportage sur la mort de 4 enfants √† la recherche de l'#eau √† Wolord√©, dans l'extr√™me nord #Cameroun. Pas de mesure con‚Ä¶",,[]
2019-05-02 21:32:17.684072,2019-04-29 14:11:16,Africa,odilon236,972065918,1122865941103169536,"@ARCADIUSPOUTOU Vraiment. Et pourtant, la p√©nurie d'eau est encore d'actualit√© en #Centrafrique https://t.co/nUJXytfOic",,['https://t.co/nUJXytfOic']
2019-05-02 21:32:18.109612,2019-04-29 13:42:09,Tunisia,SKimmobiliere,1078233424136192000,1122858612681060353,"""Villas #√†_vendre √† Chott Meriem pr√®s du port El Kantaoui. 
#Villas haut standing avec des #triplex jumel√©s situ√©s √† 300 m de la plage. Avec jardins, aires de jeux pour les enfants et piscines.
https://t.co/Axj0ZzhgSd https://t.co/pdRjIaiSQn",,"['https://t.co/Axj0ZzhgSd', 'https://t.co/pdRjIaiSQn']"
2019-05-02 21:32:18.538039,2019-04-29 12:16:19,Tunis,DannousTn,431516143,1122837011675648001,"Duplexe vue sur mer
#Casa_Imed vous propose une offre √† ne pas rater, un duplex de r√™ve
se compose d'un rez de chauss√© contenant un grand salon, cuisine tr√®s bien √©quip√©e avec s√©choir, une salle d‚Äôeau.
Le 1 √©re √©tage... https://t.co/STme5t8B65",,['https://t.co/STme5t8B65']
2019-05-02 21:32:18.960959,2019-04-29 12:09:33,Bafoussam,K1811574708,1061897267496566785,1122835310222684160,"RT @ACA_WeAdvocate: Reportage sur la mort de 4 enfants √† la recherche de l'#eau √† Wolord√©, dans l'extr√™me nord #Cameroun. Pas de mesure con‚Ä¶",,[]
2019-05-02 21:32:19.387605,2019-04-29 12:07:31,Cameroon,Beau_tankeu,531203005,1122834795216633856,"RT @ACA_WeAdvocate: Reportage sur la mort de 4 enfants √† la recherche de l'#eau √† Wolord√©, dans l'extr√™me nord #Cameroun. Pas de mesure con‚Ä¶",,[]
2019-05-02 21:32:19.815108,2019-04-29 11:56:48,Africa,KolIhongui,994631851,1122832100875538439,@HNjomini @237online Vous pref√©rez vous habiller en costume alors que des gens n'ont pas d'eau √† boire ?,,[]
2019-05-02 21:32:20.266303,2019-04-29 11:19:22,Cameroon,MutationsOnline,843868725422030848,1122822677918515208,"RT @ACA_WeAdvocate: Reportage sur la mort de 4 enfants √† la recherche de l'#eau √† Wolord√©, dans l'extr√™me nord #Cameroun. Pas de mesure con‚Ä¶",,[]
2019-05-02 21:32:20.736084,2019-04-29 10:47:11,Tunisia,ZemniStore,966272578175275008,1122814580810506240,"Les sels d‚ÄôEpsom: l‚Äôhistoire balbutiante du magn√©sium ‚ùÑÔ∏è üí¶üí¶ Ces toutes derni√®res ann√©es, les chercheurs ont d√©couvert que l√† o√π la population absorbe le magn√©sium par l‚Äôinterm√©diaire d‚Äôeau filtrant √† travers des‚Ä¶ https://t.co/67VplTmY0G",,['https://t.co/67VplTmY0G']
2019-05-02 21:32:21.166072,2019-04-29 10:46:38,Tunisia,ZemniStore,966272578175275008,1122814440821284864,"Epsom: Ou l‚Äôhistoire balbutiante du magn√©sium ‚ùÑÔ∏è üí¶üí¶ Ces toutes derni√®res ann√©es, les chercheurs ont d√©couvert que l√† o√π la population absorbe le magn√©sium par l‚Äôinterm√©diaire d‚Äôeau filtrant √† travers des roches‚Ä¶ https://t.co/0jc7QXBmmi",,['https://t.co/0jc7QXBmmi']
2019-05-02 21:32:21.610642,2019-04-29 08:14:48,Africa,ACA_WeAdvocate,1039907366446292992,1122776230124773378,"Reportage sur la mort de 4 enfants √† la recherche de l'#eau √† Wolord√©, dans l'extr√™me nord #Cameroun. Pas de mesure concr√®te sur le terrain, jusqu'√† pr√©sent !! #Droit√†H2O #EauPourTous. @MutationsOnline https://t.co/1Bzz4xHu6a",,['https://t.co/1Bzz4xHu6a']
2019-05-02 21:32:22.035132,2019-04-29 00:49:22,Tunisie,MutambaSam,817378404689465345,1122664133915217920,J‚Äôai sorti ma bouteille d‚Äôeau et j‚Äôai mis mon lit contre le mur. Je suis toujours pas pr√™t üò©üò≠ #GameofThrones,,[]
2019-05-02 21:32:22.468114,2019-04-28 21:49:48,Tunis,DannousTn,431516143,1122618944651767809,"üòéParfum est original pour hommeüí• et pour femme eau de parfum svp pour les s√©rieux s√©rieux et merci
Tel 24070602",,[]
2019-05-02 21:32:22.892122,2019-04-28 13:43:56,Tunis,DannousTn,431516143,1122496673287110660,üè†Terrain Cl√¥tur√© 250 m¬≤ a vendre a dar allouch pieds dans l'eauüè† https://t.co/W0tql4b6NH,,['https://t.co/W0tql4b6NH']
2019-05-02 21:32:23.319552,2019-04-28 12:16:16,Tunis ,libertunisia,260394951,1122474609578840065,"Comment les hauts dirigeants du groupe canadien se sont remplis les poches avant que la bo√Æte ne prenne l'eau,c'est le capitalisme d'aujourd'hui une honte!""La main chanceuse des dirigeants de Bombardier"" | JDM https://t.co/G9wCqB2iN8",,['https://t.co/G9wCqB2iN8']
2019-05-02 21:32:23.750281,2019-04-28 11:51:49,Tunisia,CasaImed1,1091241785140097024,1122468457700835328,"#Agence #Casa #Imed #Korba vous propose un superbe appartement √† Maamoura √† quelques pas de la #plage 
Il se compose d‚Äôun salon, 3 chambres √† coucher, cuisine bien √©quip√©e, 2 terrasses, 2 salles d‚Äôeau,
NB : chauffage centrale et climatiseur https://t.co/tIKupDydCO",Korba,['https://t.co/tIKupDydCO']
2019-05-02 21:32:24.178707,2019-04-28 11:47:03,Tunisie,LaPresseTunisie,249165449,1122467258473824256,"Au cours de 2018, pas moins de 2.111 millions de litres d‚Äôeau min√©rale ont √©t√© vendus sur le march√© par les diff√©rentes unit√©s de conditionnement, soit une √©volution de 30,7% par rapport √† 2017. https://t.co/HYH0v5FXhk",,['https://t.co/HYH0v5FXhk']
2019-05-02 21:32:24.604524,2019-04-28 05:21:31,Tunisia,ZemniStore,966272578175275008,1122370234881540096,"On sait que votre peau a de plus en plus besoin d'hydratation !
Peaux mature d√©licates sensibles et fragiles voici votre bonheur ! 
L'EAU R√â-√âQUILIBRANTE : Calmante, Adoucissante et Apaisante ü§©ü§©
LE S√âRUM ANTI-√ÇGE :‚Ä¶ https://t.co/Can6Bzp8pd",,['https://t.co/Can6Bzp8pd']
2019-05-02 21:32:25.028350,2019-04-27 22:04:28,,Akaname12,1000303516110422016,1122260248281141255,"RT @LauraxSmgo: Si l'eau elle est v√©n√®re, elle veut se tapper avec toi et tout, est ce que on peut dire que l'orage ?",,[]
2019-05-02 21:32:25.459081,2019-04-27 19:12:02,Tunisie,Noam00zest,542760643,1122216854821457923,"Mais attendez les plages √† Libreville sont comme aux Cara√Øbes , l‚Äôeau est si filtr√©e Wow",,[]
2019-05-02 21:32:25.884678,2019-04-27 13:44:54,Tunisia,CasaImed1,1091241785140097024,1122134527550341121,"#Avec #Casa #Imed vous avez la chance d‚Äôavoir un √©tage de villa dans un cartier calme avec des bons voisinages √† centre-ville #Korba

Il se compose d'un salon, trois chambres √† coucher, cuisine, salle d‚Äôeau avec deux terrasses https://t.co/PlDR99s2wG",Korba,['https://t.co/PlDR99s2wG']
2019-05-02 21:32:26.312470,2019-04-27 11:04:54,Paris,EnviesNomades,562824689,1122094261258706944,Un mini food truck de coco √† l‚Äôeau √† La Valette. Tr√®s mignon! #coco #coconut #foodtruck #foodtrucks #foodstagram #foodtruckfood #foodtruckdrinks #drink #coconutwater #malta #maltaüá≤üáπ‚Ä¶ https://t.co/To59drDCjb,,['https://t.co/To59drDCjb']
2019-05-02 21:32:26.744906,2019-04-27 09:26:29,"Choisy-le-Roi, France",YacinChalbi,954466958199676930,1122069495638646786,"RT @Selim_: Dans la region de Monastir, @FT_DES d√©nombre 63 unit√©s de d√©lavage. Il faut 55 litres d‚Äôeau pour d√©laver un jeans. 70% de cette‚Ä¶",Monastir,[]
2019-05-02 21:32:27.171686,2019-04-27 08:57:24,"Tunis, Tunisia",HendrixTN,19045478,1122062175261081600,"RT @Selim_: Dans la region de Monastir, @FT_DES d√©nombre 63 unit√©s de d√©lavage. Il faut 55 litres d‚Äôeau pour d√©laver un jeans. 70% de cette‚Ä¶",Monastir,[]
2019-05-02 21:32:27.597073,2019-04-27 08:22:21,Tunisie,h_zied,240853738,1122053356116217856,@nizarus Malheureusement de meilleur gout ne veut pas dire de meilleur qualit√© et pay√© aussi cher de l'eau si plus est parfois impropre... on monde se marche sur la t√™te,,[]
2019-05-02 21:32:28.021424,2019-04-27 08:00:00,"Dublin City, Ireland",KourochBellis,2900962184,1122047732347277313,"RT @Selim_: Dans la region de Monastir, @FT_DES d√©nombre 63 unit√©s de d√©lavage. Il faut 55 litres d‚Äôeau pour d√©laver un jeans. 70% de cette‚Ä¶",Monastir,[]
2019-05-02 21:32:28.446239,2019-04-27 06:58:49,Tunisie,MounaMathari,240781428,1122032336005140480,"RT @Selim_: Dans la region de Monastir, @FT_DES d√©nombre 63 unit√©s de d√©lavage. Il faut 55 litres d‚Äôeau pour d√©laver un jeans. 70% de cette‚Ä¶",Monastir,[]
2019-05-02 21:32:28.869356,2019-04-26 22:00:01,France,Joylandgirl,549553299,1121896740339232770,"RT @Selim_: Dans la region de Monastir, @FT_DES d√©nombre 63 unit√©s de d√©lavage. Il faut 55 litres d‚Äôeau pour d√©laver un jeans. 70% de cette‚Ä¶",Monastir,[]
2019-05-02 21:32:29.294584,2019-04-26 21:11:11,Tunisie,ouhibi_lotfi,4786715578,1121884452353916928,"RT @Selim_: Dans la region de Monastir, @FT_DES d√©nombre 63 unit√©s de d√©lavage. Il faut 55 litres d‚Äôeau pour d√©laver un jeans. 70% de cette‚Ä¶",Monastir,[]
2019-05-02 21:32:29.721532,2019-04-26 19:27:01,Tunis,DannousTn,431516143,1121858238818000896,üè†S+2 pied dans l'eau a louer a kelibiaüè† https://t.co/7O1ULx1sUr,,['https://t.co/7O1ULx1sUr']
2019-05-02 21:32:30.146157,2019-04-26 19:02:04,Tunis,DannousTn,431516143,1121851957625466880,Eau de parfum VOLARE https://t.co/qwfi20ohv4,,['https://t.co/qwfi20ohv4']
2019-05-02 21:32:30.574280,2019-04-26 19:00:28,Tunisie,Mayahach,3413430107,1121851556960395265,"RT @Selim_: Dans la region de Monastir, @FT_DES d√©nombre 63 unit√©s de d√©lavage. Il faut 55 litres d‚Äôeau pour d√©laver un jeans. 70% de cette‚Ä¶",Monastir,[]
2019-05-02 21:32:31.014485,2019-04-26 18:38:13,Tunisie,LeadersTunisie,121378109,1121845954322345986,"Plaidoyer pour la cr√©ation d'une autorit√© nationale de l‚Äôeau et de l'environnement.
#leaders #news #tunisie #Actualit√©s https://t.co/Fjm2F3jiai",,['https://t.co/Fjm2F3jiai']
2019-05-02 21:32:31.444482,2019-04-26 18:30:21,,JuleRoodi,1045030839917203456,1121843975432937472,RT @Fatales1: Parfum Du Jour - Eau de Lacoste Femme de Lacoste http://t.co/3T1yNyzHeo,,['http://t.co/3T1yNyzHeo']
2019-05-02 21:32:31.867740,2019-04-26 18:12:50,Tunisia,Selim_Halioui,15258915,1121839568934846464,"RT @Selim_: Dans la region de Monastir, @FT_DES d√©nombre 63 unit√©s de d√©lavage. Il faut 55 litres d‚Äôeau pour d√©laver un jeans. 70% de cette‚Ä¶",Monastir,[]
2019-05-02 21:32:32.295696,2019-04-26 17:50:27,L'√Æle aux enfants ,sameh_b,23568452,1121833936076857344,"RT @Selim_: Dans la region de Monastir, @FT_DES d√©nombre 63 unit√©s de d√©lavage. Il faut 55 litres d‚Äôeau pour d√©laver un jeans. 70% de cette‚Ä¶",Monastir,[]
2019-05-02 21:32:32.725522,2019-04-26 17:34:48,Tunis,maiga_tonby,817919641200848901,1121829994827800577,@aziz_kone3 Si je laisse l‚Äôeau je vais mourir,,[]
2019-05-02 21:32:33.153408,2019-04-26 17:27:16,Tunisie,liliagaida,193629195,1121828099715411968,"RT @Selim_: Dans la region de Monastir, @FT_DES d√©nombre 63 unit√©s de d√©lavage. Il faut 55 litres d‚Äôeau pour d√©laver un jeans. 70% de cette‚Ä¶",Monastir,[]
2019-05-02 21:32:33.577677,2019-04-26 17:17:40,tunis,medzepplin,701913507403603968,1121825686166151168,"RT @Selim_: Dans la region de Monastir, @FT_DES d√©nombre 63 unit√©s de d√©lavage. Il faut 55 litres d‚Äôeau pour d√©laver un jeans. 70% de cette‚Ä¶",Monastir,[]
2019-05-02 21:32:34.017415,2019-04-26 16:19:23,,_M_Avocat,358408568,1121811017581891584,RT @Selim_: @FT_DES a analys√© l‚Äôeau de la baie : 12% d‚Äôoxyg√®ne quand la norme est de 85%.. https://t.co/DkSI1N0H8i,,['https://t.co/DkSI1N0H8i']
2019-05-02 21:32:34.441966,2019-04-26 16:19:18,,_M_Avocat,358408568,1121810996753043456,"RT @Selim_: Dans la region de Monastir, @FT_DES d√©nombre 63 unit√©s de d√©lavage. Il faut 55 litres d‚Äôeau pour d√©laver un jeans. 70% de cette‚Ä¶",Monastir,[]
2019-05-02 21:32:34.873387,2019-04-26 15:39:48,,babinaaaa,107972772,1121801054314618880,"RT @Selim_: Dans la region de Monastir, @FT_DES d√©nombre 63 unit√©s de d√©lavage. Il faut 55 litres d‚Äôeau pour d√©laver un jeans. 70% de cette‚Ä¶",Monastir,[]
2019-05-02 21:32:35.308275,2019-04-26 15:27:32,,Houeida,805797,1121797970393882628,"RT @Selim_: Dans la region de Monastir, @FT_DES d√©nombre 63 unit√©s de d√©lavage. Il faut 55 litres d‚Äôeau pour d√©laver un jeans. 70% de cette‚Ä¶",Monastir,[]
2019-05-02 21:32:35.749945,2019-04-26 15:14:40,Tunisia,CasaImed1,1091241785140097024,1121794730675752960,"Un superbe #lotissement #viabilis√© situ√© √† #korba dans un quartier calme, entour√© par des villas, aliment√© par eau, √©lectricit√©, Onass et gaz de ville https://t.co/OE57kPOstA",,['https://t.co/OE57kPOstA']
2019-05-02 21:32:36.179008,2019-04-26 15:01:42,,tarekbrahemyah1,1103754891095404550,1121791468534779904,"RT @Selim_: Dans la region de Monastir, @FT_DES d√©nombre 63 unit√©s de d√©lavage. Il faut 55 litres d‚Äôeau pour d√©laver un jeans. 70% de cette‚Ä¶",Monastir,[]
2019-05-02 21:32:36.610415,2019-04-26 14:51:36,Tunisie,ChafikOTE,4844850941,1121788927830941698,"RT @Selim_: Dans la region de Monastir, @FT_DES d√©nombre 63 unit√©s de d√©lavage. Il faut 55 litres d‚Äôeau pour d√©laver un jeans. 70% de cette‚Ä¶",Monastir,[]
2019-05-02 21:32:37.048946,2019-04-26 14:19:24,R√©gion parisienne / Tunis,nadiachaabane,81301085,1121780823450112000,RT @Selim_: @FT_DES a analys√© l‚Äôeau de la baie : 12% d‚Äôoxyg√®ne quand la norme est de 85%.. https://t.co/DkSI1N0H8i,,['https://t.co/DkSI1N0H8i']
2019-05-02 21:32:37.475654,2019-04-26 14:17:55,R√©gion parisienne / Tunis,nadiachaabane,81301085,1121780447535665153,"RT @Selim_: Dans la region de Monastir, @FT_DES d√©nombre 63 unit√©s de d√©lavage. Il faut 55 litres d‚Äôeau pour d√©laver un jeans. 70% de cette‚Ä¶",Monastir,[]
2019-05-02 21:32:37.903364,2019-04-26 14:15:48,Tunis,Selim_,52532503,1121779916041785345,@FT_DES a analys√© l‚Äôeau de la baie : 12% d‚Äôoxyg√®ne quand la norme est de 85%.. https://t.co/DkSI1N0H8i,,['https://t.co/DkSI1N0H8i']
2019-05-02 21:32:38.325799,2019-04-26 14:05:52,Tunisia,sasoukee,41561099,1121777418719592449,"RT @Selim_: Dans la region de Monastir, @FT_DES d√©nombre 63 unit√©s de d√©lavage. Il faut 55 litres d‚Äôeau pour d√©laver un jeans. 70% de cette‚Ä¶",Monastir,[]
2019-05-02 21:32:38.751806,2019-04-26 14:04:26,Tunis,Selim_,52532503,1121777056482824192,"Dans la region de Monastir, @FT_DES d√©nombre 63 unit√©s de d√©lavage. Il faut 55 litres d‚Äôeau pour d√©laver un jeans. 70% de cette eau provient de forages, donc pompent directement des nappes phr√©atiques, qui reculent en moyenne de 5 m√®tres par an.",Monastir,[]
2019-05-02 21:32:39.177912,2019-04-26 13:50:44,Tunis,DannousTn,431516143,1121773609595428866,üè†VILLA PIEDS DANS L'EAUüè† https://t.co/wKRaU9mY3R,,['https://t.co/wKRaU9mY3R']
2019-05-02 21:32:39.602346,2019-04-26 07:08:49,Malte,R3siak,387631498,1121672460913397760,@zSkyBuu @disdidou Merci @zSkyBuu d'avoir nager a travers la m√©diterrann√©e vers Malte quand t'as vu que je commen√ßais √† me noyer. Cet a√©rodinamysme capillaire te rends beaucoup plus rapides dans l'eau!,,[]
2019-05-02 21:32:40.027920,2019-04-25 16:10:23,Tunisie,flehetna,960321289,1121446365605896192,"Dr Raoudha Gafrej : La situation des barrages ¬†est nettement meilleure, mais les probl√®mes d‚Äôalimentation en eau persisteraient ‚Ä¶¬† https://t.co/f18nrRdY7H",,['https://t.co/f18nrRdY7H']
